src/Emulators/vice/video/render1x1ntsc.c	video/render1x1ntsc.c	SAME
src/Emulators/vice/video/video-sound.h	video/video-sound.h	SAME
src/Emulators/vice/video/render2x2pal.h	video/render2x2pal.h	SAME
src/Emulators/vice/video/render1x2.h	video/render1x2.h	SAME
src/Emulators/vice/video/render2x4.c	video/render2x4.c	SAME
src/Emulators/vice/video/render2x2.h	video/render2x2.h	SAME
src/Emulators/vice/video/render2x2ntsc.c	video/render2x2ntsc.c	SAME
src/Emulators/vice/video/video-render-1x2.c	video/video-render-1x2.c	GONE
src/Emulators/vice/video/render1x1crt.h	video/render1x1crt.h	GONE
src/Emulators/vice/video/video-render-pal.c	video/video-render-pal.c	GONE
src/Emulators/vice/video/video-render-2x2.c	video/video-render-2x2.c	GONE
src/Emulators/vice/video/render2x4crt.h	video/render2x4crt.h	GONE
src/Emulators/vice/video/render1x1.h	video/render1x1.h	SAME
src/Emulators/vice/video/video-render.c	video/video-render.c	SAME
src/Emulators/vice/video/video-resources.h	video/video-resources.h	SAME
src/Emulators/vice/video/render1x2crt.c	video/render1x2crt.c	GONE
src/Emulators/vice/video/render1x1pal.h	video/render1x1pal.h	SAME
src/Emulators/vice/video/video-render-crt.c	video/video-render-crt.c	GONE
src/Emulators/vice/video/renderscale2x.c	video/renderscale2x.c	SAME
src/Emulators/vice/video/renderyuv.c	video/renderyuv.c	GONE
src/Emulators/vice/video/video-color.h	video/video-color.h	SAME
src/Emulators/vice/video/video-canvas.c	video/video-canvas.c	SAME
src/Emulators/vice/video/render2x2crt.h	video/render2x2crt.h	GONE
src/Emulators/vice/video/render2x2.c	video/render2x2.c	SAME
src/Emulators/vice/video/render2x2ntsc.h	video/render2x2ntsc.h	SAME
src/Emulators/vice/video/render2x4.h	video/render2x4.h	SAME
src/Emulators/vice/video/render1x2.c	video/render1x2.c	SAME
src/Emulators/vice/video/video-sound.c	video/video-sound.c	SAME
src/Emulators/vice/video/render1x1ntsc.h	video/render1x1ntsc.h	SAME
src/Emulators/vice/video/video-viewport.c	video/video-viewport.c	SAME
src/Emulators/vice/video/render2x2pal.c	video/render2x2pal.c	SAME
src/Emulators/vice/video/render2x4crt.c	video/render2x4crt.c	GONE
src/Emulators/vice/video/render1x1crt.c	video/render1x1crt.c	GONE
src/Emulators/vice/video/render1x1pal.c	video/render1x1pal.c	SAME
src/Emulators/vice/video/render1x2crt.h	video/render1x2crt.h	GONE
src/Emulators/vice/video/renderscale2x.h	video/renderscale2x.h	SAME
src/Emulators/vice/video/render1x1.c	video/render1x1.c	SAME
src/Emulators/vice/video/video-resources.c	video/video-resources.c	SAME
src/Emulators/vice/video/video-render.h	video/video-render.h	SAME
src/Emulators/vice/video/video-cmdline-options.c	video/video-cmdline-options.c	SAME
src/Emulators/vice/video/render2x2crt.c	video/render2x2crt.c	GONE
src/Emulators/vice/video/video-color.c	video/video-color.c	SAME
src/Emulators/vice/video/video-canvas.h	video/video-canvas.h	SAME
src/Emulators/vice/video/renderyuv.h	video/renderyuv.h	GONE
src/Emulators/vice/parallel/parallel-trap.c	parallel/parallel-trap.c	SAME
src/Emulators/vice/parallel/parallel.c	parallel/parallel.c	SAME
src/Emulators/vice/parallel/parallel-trap.h	parallel/parallel-trap.h	SAME
src/Emulators/vice/imagecontents/diskcontents-iec.c	imagecontents/diskcontents-iec.c	SAME
src/Emulators/vice/imagecontents/diskcontents-block.c	imagecontents/diskcontents-block.c	SAME
src/Emulators/vice/imagecontents/tapecontents.h	imagecontents/tapecontents.h	SAME
src/Emulators/vice/imagecontents/diskcontents.h	imagecontents/diskcontents.h	SAME
src/Emulators/vice/imagecontents/imagecontents.c	imagecontents/imagecontents.c	SAME
src/Emulators/vice/imagecontents/diskcontents-iec.h	imagecontents/diskcontents-iec.h	SAME
src/Emulators/vice/imagecontents/diskcontents-block.h	imagecontents/diskcontents-block.h	SAME
src/Emulators/vice/imagecontents/diskcontents.c	imagecontents/diskcontents.c	SAME
src/Emulators/vice/imagecontents/tapecontents.c	imagecontents/tapecontents.c	SAME
src/Emulators/vice/diag/c64_diag_586220_harness.h	diag/c64_diag_586220_harness.h	SAME
src/Emulators/vice/diag/c64_diag_586220_harness.c	diag/c64_diag_586220_harness.c	SAME
src/Emulators/vice/monitor/mon_assemble6502.c	monitor/mon_assemble6502.c	SAME
src/Emulators/vice/monitor/mon_parse.h	monitor/mon_parse.h	SAME
src/Emulators/vice/monitor/mon_register6502.c	monitor/mon_register6502.c	SAME
src/Emulators/vice/monitor/mon_util.c	monitor/mon_util.c	SAME
src/Emulators/vice/monitor/monitor.c	monitor/monitor.c	SAME
src/Emulators/vice/monitor/mon_ui.c	monitor/mon_ui.c	GONE
src/Emulators/vice/monitor/mon_assemble.h	monitor/mon_assemble.h	SAME
src/Emulators/vice/monitor/mon_register6809.c	monitor/mon_register6809.c	SAME
src/Emulators/vice/monitor/mon_drive.h	monitor/mon_drive.h	SAME
src/Emulators/vice/monitor/mon_assembleR65C02.c	monitor/mon_assembleR65C02.c	SAME
src/Emulators/vice/monitor/mon_assemble6809.c	monitor/mon_assemble6809.c	SAME
src/Emulators/vice/monitor/mon_command.c	monitor/mon_command.c	SAME
src/Emulators/vice/monitor/mon_register6502dtv.c	monitor/mon_register6502dtv.c	SAME
src/Emulators/vice/monitor/mon_disassemble.c	monitor/mon_disassemble.c	SAME
src/Emulators/vice/monitor/mon_memmap.h	monitor/mon_memmap.h	SAME
src/Emulators/vice/monitor/asm6502.c	monitor/asm6502.c	SAME
src/Emulators/vice/monitor/mon_assemblez80.c	monitor/mon_assemblez80.c	SAME
src/Emulators/vice/monitor/mon_breakpoint.h	monitor/mon_breakpoint.h	SAME
src/Emulators/vice/monitor/mon_memory.h	monitor/mon_memory.h	SAME
src/Emulators/vice/monitor/asmz80.c	monitor/asmz80.c	SAME
src/Emulators/vice/monitor/mon_register.c	monitor/mon_register.c	SAME
src/Emulators/vice/monitor/mon_file.h	monitor/mon_file.h	SAME
src/Emulators/vice/monitor/mon_registerz80.c	monitor/mon_registerz80.c	SAME
src/Emulators/vice/monitor/monitor_network.h	monitor/monitor_network.h	SAME
src/Emulators/vice/monitor/asm6809.c	monitor/asm6809.c	SAME
src/Emulators/vice/monitor/asm.h	monitor/asm.h	SAME
src/Emulators/vice/monitor/mon_register65816.c	monitor/mon_register65816.c	SAME
src/Emulators/vice/monitor/mon_util.h	monitor/mon_util.h	SAME
src/Emulators/vice/monitor/mon_parse.c	monitor/mon_parse.c	SAME
src/Emulators/vice/monitor/asm6502dtv.c	monitor/asm6502dtv.c	SAME
src/Emulators/vice/monitor/mon_registerR65C02.c	monitor/mon_registerR65C02.c	SAME
src/Emulators/vice/monitor/mon_command.h	monitor/mon_command.h	SAME
src/Emulators/vice/monitor/mon_lex.c	monitor/mon_lex.c	SAME
src/Emulators/vice/monitor/mon_drive.c	monitor/mon_drive.c	SAME
src/Emulators/vice/monitor/mon_ui.h	monitor/mon_ui.h	GONE
src/Emulators/vice/monitor/asmR65C02.c	monitor/asmR65C02.c	SAME
src/Emulators/vice/monitor/montypes.h	monitor/montypes.h	SAME
src/Emulators/vice/monitor/mon_breakpoint.c	monitor/mon_breakpoint.c	SAME
src/Emulators/vice/monitor/mon_memmap.c	monitor/mon_memmap.c	SAME
src/Emulators/vice/monitor/mon_disassemble.h	monitor/mon_disassemble.h	SAME
src/Emulators/vice/monitor/mon_file.c	monitor/mon_file.c	SAME
src/Emulators/vice/monitor/mon_register.h	monitor/mon_register.h	SAME
src/Emulators/vice/monitor/monitor_network.c	monitor/monitor_network.c	SAME
src/Emulators/vice/monitor/mon_memory.c	monitor/mon_memory.c	SAME
src/Emulators/vice/c64/c64-memory-hacks.h	c64/c64-memory-hacks.h	SAME
src/Emulators/vice/c64/c64embedded.c	c64/c64embedded.c	GONE
src/Emulators/vice/c64/c64pla.c	c64/c64pla.c	SAME
src/Emulators/vice/c64/plus60k.c	c64/plus60k.c	SAME
src/Emulators/vice/c64/c64keyboard.c	c64/c64keyboard.c	SAME
src/Emulators/vice/c64/c64-resources.h	c64/c64-resources.h	SAME
src/Emulators/vice/c64/c64-cmdline-options.c	c64/c64-cmdline-options.c	SAME
src/Emulators/vice/c64/c64bus.c	c64/c64bus.c	SAME
src/Emulators/vice/c64/psid.c	c64/psid.c	SAME
src/Emulators/vice/c64/c64memrom.c	c64/c64memrom.c	SAME
src/Emulators/vice/c64/c64cia1.c	c64/c64cia1.c	SAME
src/Emulators/vice/c64/c64memsnapshot.h	c64/c64memsnapshot.h	SAME
src/Emulators/vice/c64/musdrv.h	c64/musdrv.h	SAME
src/Emulators/vice/c64/c64rsuser.c	c64/c64rsuser.c	SAME
src/Emulators/vice/c64/c64.h	c64/c64.h	SAME
src/Emulators/vice/c64/c64cart.h	c64/c64cart.h	SAME
src/Emulators/vice/c64/c64_256k.h	c64/c64_256k.h	SAME
src/Emulators/vice/c64/c64iec.h	c64/c64iec.h	SAME
src/Emulators/vice/c64/c64-snapshot.h	c64/c64-snapshot.h	SAME
src/Emulators/vice/c64/c64parallel.c	c64/c64parallel.c	SAME
src/Emulators/vice/c64/c64gluelogic.h	c64/c64gluelogic.h	SAME
src/Emulators/vice/c64/c64meminit.h	c64/c64meminit.h	SAME
src/Emulators/vice/c64/plus256k.h	c64/plus256k.h	SAME
src/Emulators/vice/c64/c64rom.c	c64/c64rom.c	SAME
src/Emulators/vice/c64/c64fastiec.c	c64/c64fastiec.c	SAME
src/Emulators/vice/c64/c64video.c	c64/c64video.c	SAME
src/Emulators/vice/c64/c64memsc.c	c64/c64memsc.c	SAME
src/Emulators/vice/c64/c64cia2.c	c64/c64cia2.c	SAME
src/Emulators/vice/c64/c64mem.h	c64/c64mem.h	SAME
src/Emulators/vice/c64/c64memlimit.c	c64/c64memlimit.c	SAME
src/Emulators/vice/c64/patchrom.h	c64/patchrom.h	GONE
src/Emulators/vice/c64/c64cpusc.c	c64/c64cpusc.c	SAME
src/Emulators/vice/c64/c64romset.c	c64/c64romset.c	SAME
src/Emulators/vice/c64/plus60k.h	c64/plus60k.h	SAME
src/Emulators/vice/c64/c64cia.h	c64/c64cia.h	SAME
src/Emulators/vice/c64/c64-resources.c	c64/c64-resources.c	SAME
src/Emulators/vice/c64/c64keyboard.h	c64/c64keyboard.h	SAME
src/Emulators/vice/c64/psiddrv.h	c64/psiddrv.h	SAME
src/Emulators/vice/c64/c64pla.h	c64/c64pla.h	SAME
src/Emulators/vice/c64/c64-memory-hacks.c	c64/c64-memory-hacks.c	SAME
src/Emulators/vice/c64/c64memrom.h	c64/c64memrom.h	SAME
src/Emulators/vice/c64/c64drive.c	c64/c64drive.c	SAME
src/Emulators/vice/c64/psid.h	c64/psid.h	SAME
src/Emulators/vice/c64/cart/gamekiller.h	c64/cart/gamekiller.h	SAME
src/Emulators/vice/c64/cart/dinamic.h	c64/cart/dinamic.h	SAME
src/Emulators/vice/c64/cart/freezemachine.c	c64/cart/freezemachine.c	SAME
src/Emulators/vice/c64/cart/magicformel.c	c64/cart/magicformel.c	SAME
src/Emulators/vice/c64/cart/capture.h	c64/cart/capture.h	SAME
src/Emulators/vice/c64/cart/supersnapshot.c	c64/cart/supersnapshot.c	SAME
src/Emulators/vice/c64/cart/epyxfastload.h	c64/cart/epyxfastload.h	SAME
src/Emulators/vice/c64/cart/c64-midi.h	c64/cart/c64-midi.h	SAME
src/Emulators/vice/c64/cart/daa.c	c64/cart/daa.c	SAME
src/Emulators/vice/c64/cart/delaep64.c	c64/cart/delaep64.c	SAME
src/Emulators/vice/c64/cart/ds12c887rtc.c	c64/cart/ds12c887rtc.c	SAME
src/Emulators/vice/c64/cart/ross.c	c64/cart/ross.c	SAME
src/Emulators/vice/c64/cart/c64acia.h	c64/cart/c64acia.h	SAME
src/Emulators/vice/c64/cart/formel64.h	c64/cart/formel64.h	SAME
src/Emulators/vice/c64/cart/westermann.h	c64/cart/westermann.h	SAME
src/Emulators/vice/c64/cart/kcs.c	c64/cart/kcs.c	SAME
src/Emulators/vice/c64/cart/superexplode5.c	c64/cart/superexplode5.c	SAME
src/Emulators/vice/c64/cart/diashowmaker.c	c64/cart/diashowmaker.c	SAME
src/Emulators/vice/c64/cart/mach5.c	c64/cart/mach5.c	SAME
src/Emulators/vice/c64/cart/shortbus_digimax.c	c64/cart/shortbus_digimax.c	SAME
src/Emulators/vice/c64/cart/atomicpower.h	c64/cart/atomicpower.h	SAME
src/Emulators/vice/c64/cart/c64acia1.c	c64/cart/c64acia1.c	SAME
src/Emulators/vice/c64/cart/supersnapshot4.c	c64/cart/supersnapshot4.c	SAME
src/Emulators/vice/c64/cart/rexutility.h	c64/cart/rexutility.h	SAME
src/Emulators/vice/c64/cart/cs8900io.h	c64/cart/cs8900io.h	SAME
src/Emulators/vice/c64/cart/crt.c	c64/cart/crt.c	MOVED:tools/cartconv/crt.c
src/Emulators/vice/c64/cart/ocean.h	c64/cart/ocean.h	SAME
src/Emulators/vice/c64/cart/pagefox.h	c64/cart/pagefox.h	SAME
src/Emulators/vice/c64/cart/delaep7x8.c	c64/cart/delaep7x8.c	SAME
src/Emulators/vice/c64/cart/rgcd.h	c64/cart/rgcd.h	SAME
src/Emulators/vice/c64/cart/supergames.h	c64/cart/supergames.h	SAME
src/Emulators/vice/c64/cart/finalplus.c	c64/cart/finalplus.c	SAME
src/Emulators/vice/c64/cart/reu.h	c64/cart/reu.h	SAME
src/Emulators/vice/c64/cart/final.c	c64/cart/final.c	SAME
src/Emulators/vice/c64/cart/magicvoice.h	c64/cart/magicvoice.h	SAME
src/Emulators/vice/c64/cart/mikroass.h	c64/cart/mikroass.h	SAME
src/Emulators/vice/c64/cart/clockport-rrnet.c	c64/cart/clockport-rrnet.c	SAME
src/Emulators/vice/c64/cart/funplay.c	c64/cart/funplay.c	SAME
src/Emulators/vice/c64/cart/comal80.h	c64/cart/comal80.h	SAME
src/Emulators/vice/c64/cart/debugcart.h	c64/cart/debugcart.h	SAME
src/Emulators/vice/c64/cart/actionreplay3.h	c64/cart/actionreplay3.h	SAME
src/Emulators/vice/c64/cart/rrnetmk3.h	c64/cart/rrnetmk3.h	SAME
src/Emulators/vice/c64/cart/c64tpi.h	c64/cart/c64tpi.h	SAME
src/Emulators/vice/c64/cart/simonsbasic.h	c64/cart/simonsbasic.h	SAME
src/Emulators/vice/c64/cart/georam.h	c64/cart/georam.h	SAME
src/Emulators/vice/c64/cart/shortbus_etfe.c	c64/cart/shortbus_etfe.c	SAME
src/Emulators/vice/c64/cart/warpspeed.c	c64/cart/warpspeed.c	SAME
src/Emulators/vice/c64/cart/delaep256.h	c64/cart/delaep256.h	SAME
src/Emulators/vice/c64/cart/rexep256.h	c64/cart/rexep256.h	SAME
src/Emulators/vice/c64/cart/mmcreplay.h	c64/cart/mmcreplay.h	SAME
src/Emulators/vice/c64/cart/snapshot64.c	c64/cart/snapshot64.c	SAME
src/Emulators/vice/c64/cart/easyflash.c	c64/cart/easyflash.c	SAME
src/Emulators/vice/c64/cart/stardos.c	c64/cart/stardos.c	SAME
src/Emulators/vice/c64/cart/prophet64.c	c64/cart/prophet64.c	SAME
src/Emulators/vice/c64/cart/sfx_soundexpander.h	c64/cart/sfx_soundexpander.h	SAME
src/Emulators/vice/c64/cart/actionreplay.h	c64/cart/actionreplay.h	SAME
src/Emulators/vice/c64/cart/ramcart.h	c64/cart/ramcart.h	SAME
src/Emulators/vice/c64/cart/ethernetcart.h	c64/cart/ethernetcart.h	SAME
src/Emulators/vice/c64/cart/retroreplay.h	c64/cart/retroreplay.h	SAME
src/Emulators/vice/c64/cart/shortbus.h	c64/cart/shortbus.h	SAME
src/Emulators/vice/c64/cart/final3.c	c64/cart/final3.c	SAME
src/Emulators/vice/c64/cart/ide64.h	c64/cart/ide64.h	SAME
src/Emulators/vice/c64/cart/exos.h	c64/cart/exos.h	SAME
src/Emulators/vice/c64/cart/clockport.h	c64/cart/clockport.h	SAME
src/Emulators/vice/c64/cart/freezeframe.h	c64/cart/freezeframe.h	SAME
src/Emulators/vice/c64/cart/silverrock128.c	c64/cart/silverrock128.c	SAME
src/Emulators/vice/c64/cart/gs.c	c64/cart/gs.c	SAME
src/Emulators/vice/c64/cart/cpmcart.h	c64/cart/cpmcart.h	SAME
src/Emulators/vice/c64/cart/kingsoft.c	c64/cart/kingsoft.c	SAME
src/Emulators/vice/c64/cart/stb.h	c64/cart/stb.h	SAME
src/Emulators/vice/c64/cart/mmc64.c	c64/cart/mmc64.c	SAME
src/Emulators/vice/c64/cart/actionreplay2.c	c64/cart/actionreplay2.c	SAME
src/Emulators/vice/c64/cart/expert.c	c64/cart/expert.c	SAME
src/Emulators/vice/c64/cart/zaxxon.c	c64/cart/zaxxon.c	SAME
src/Emulators/vice/c64/cart/actionreplay4.h	c64/cart/actionreplay4.h	SAME
src/Emulators/vice/c64/cart/gmod2.h	c64/cart/gmod2.h	SAME
src/Emulators/vice/c64/cart/c64-generic.c	c64/cart/c64-generic.c	SAME
src/Emulators/vice/c64/cart/sfx_soundsampler.c	c64/cart/sfx_soundsampler.c	SAME
src/Emulators/vice/c64/cart/isepic.h	c64/cart/isepic.h	SAME
src/Emulators/vice/c64/cart/digimax.c	c64/cart/digimax.c	SAME
src/Emulators/vice/c64/cart/clockport-mp3at64.c	c64/cart/clockport-mp3at64.c	SAME
src/Emulators/vice/c64/cart/magicdesk.c	c64/cart/magicdesk.c	SAME
src/Emulators/vice/c64/cart/easycalc.h	c64/cart/easycalc.h	SAME
src/Emulators/vice/c64/cart/c64cartmem.h	c64/cart/c64cartmem.h	SAME
src/Emulators/vice/c64/cart/dqbb.h	c64/cart/dqbb.h	SAME
src/Emulators/vice/c64/cart/superexplode5.h	c64/cart/superexplode5.h	SAME
src/Emulators/vice/c64/cart/shortbus_digimax.h	c64/cart/shortbus_digimax.h	SAME
src/Emulators/vice/c64/cart/atomicpower.c	c64/cart/atomicpower.c	SAME
src/Emulators/vice/c64/cart/mach5.h	c64/cart/mach5.h	SAME
src/Emulators/vice/c64/cart/diashowmaker.h	c64/cart/diashowmaker.h	SAME
src/Emulators/vice/c64/cart/formel64.c	c64/cart/formel64.c	SAME
src/Emulators/vice/c64/cart/ross.h	c64/cart/ross.h	SAME
src/Emulators/vice/c64/cart/kcs.h	c64/cart/kcs.h	SAME
src/Emulators/vice/c64/cart/westermann.c	c64/cart/westermann.c	SAME
src/Emulators/vice/c64/cart/c64-midi.c	c64/cart/c64-midi.c	SAME
src/Emulators/vice/c64/cart/supersnapshot.h	c64/cart/supersnapshot.h	SAME
src/Emulators/vice/c64/cart/epyxfastload.c	c64/cart/epyxfastload.c	SAME
src/Emulators/vice/c64/cart/capture.c	c64/cart/capture.c	SAME
src/Emulators/vice/c64/cart/magicformel.h	c64/cart/magicformel.h	SAME
src/Emulators/vice/c64/cart/ds12c887rtc.h	c64/cart/ds12c887rtc.h	SAME
src/Emulators/vice/c64/cart/delaep64.h	c64/cart/delaep64.h	SAME
src/Emulators/vice/c64/cart/daa.h	c64/cart/daa.h	SAME
src/Emulators/vice/c64/cart/freezemachine.h	c64/cart/freezemachine.h	SAME
src/Emulators/vice/c64/cart/dinamic.c	c64/cart/dinamic.c	SAME
src/Emulators/vice/c64/cart/gamekiller.c	c64/cart/gamekiller.c	SAME
src/Emulators/vice/c64/cart/actionreplay3.c	c64/cart/actionreplay3.c	SAME
src/Emulators/vice/c64/cart/debugcart.c	c64/cart/debugcart.c	SAME
src/Emulators/vice/c64/cart/comal80.c	c64/cart/comal80.c	SAME
src/Emulators/vice/c64/cart/shortbus_etfe.h	c64/cart/shortbus_etfe.h	SAME
src/Emulators/vice/c64/cart/georam.c	c64/cart/georam.c	SAME
src/Emulators/vice/c64/cart/simonsbasic.c	c64/cart/simonsbasic.c	SAME
src/Emulators/vice/c64/cart/rrnetmk3.c	c64/cart/rrnetmk3.c	SAME
src/Emulators/vice/c64/cart/c64tpi.c	c64/cart/c64tpi.c	SAME
src/Emulators/vice/c64/cart/final.h	c64/cart/final.h	SAME
src/Emulators/vice/c64/cart/magicvoice.c	c64/cart/magicvoice.c	SAME
src/Emulators/vice/c64/cart/mikroass.c	c64/cart/mikroass.c	SAME
src/Emulators/vice/c64/cart/reu.c	c64/cart/reu.c	SAME
src/Emulators/vice/c64/cart/finalplus.h	c64/cart/finalplus.h	SAME
src/Emulators/vice/c64/cart/supergames.c	c64/cart/supergames.c	SAME
src/Emulators/vice/c64/cart/funplay.h	c64/cart/funplay.h	SAME
src/Emulators/vice/c64/cart/clockport-rrnet.h	c64/cart/clockport-rrnet.h	SAME
src/Emulators/vice/c64/cart/pagefox.c	c64/cart/pagefox.c	SAME
src/Emulators/vice/c64/cart/ocean.c	c64/cart/ocean.c	SAME
src/Emulators/vice/c64/cart/rgcd.c	c64/cart/rgcd.c	SAME
src/Emulators/vice/c64/cart/delaep7x8.h	c64/cart/delaep7x8.h	SAME
src/Emulators/vice/c64/cart/supersnapshot4.h	c64/cart/supersnapshot4.h	SAME
src/Emulators/vice/c64/cart/crt.h	c64/cart/crt.h	MOVED:tools/cartconv/crt.h
src/Emulators/vice/c64/cart/cs8900io.c	c64/cart/cs8900io.c	SAME
src/Emulators/vice/c64/cart/rexutility.c	c64/cart/rexutility.c	SAME
src/Emulators/vice/c64/cart/gs.h	c64/cart/gs.h	SAME
src/Emulators/vice/c64/cart/silverrock128.h	c64/cart/silverrock128.h	SAME
src/Emulators/vice/c64/cart/freezeframe.c	c64/cart/freezeframe.c	SAME
src/Emulators/vice/c64/cart/clockport.c	c64/cart/clockport.c	SAME
src/Emulators/vice/c64/cart/retroreplay.c	c64/cart/retroreplay.c	SAME
src/Emulators/vice/c64/cart/c64cart.c	c64/cart/c64cart.c	SAME
src/Emulators/vice/c64/cart/ethernetcart.c	c64/cart/ethernetcart.c	SAME
src/Emulators/vice/c64/cart/ramcart.c	c64/cart/ramcart.c	SAME
src/Emulators/vice/c64/cart/actionreplay.c	c64/cart/actionreplay.c	SAME
src/Emulators/vice/c64/cart/sfx_soundexpander.c	c64/cart/sfx_soundexpander.c	SAME
src/Emulators/vice/c64/cart/final3.h	c64/cart/final3.h	SAME
src/Emulators/vice/c64/cart/ide64.c	c64/cart/ide64.c	SAME
src/Emulators/vice/c64/cart/exos.c	c64/cart/exos.c	SAME
src/Emulators/vice/c64/cart/shortbus.c	c64/cart/shortbus.c	SAME
src/Emulators/vice/c64/cart/easyflash.h	c64/cart/easyflash.h	SAME
src/Emulators/vice/c64/cart/snapshot64.h	c64/cart/snapshot64.h	SAME
src/Emulators/vice/c64/cart/rexep256.c	c64/cart/rexep256.c	SAME
src/Emulators/vice/c64/cart/mmcreplay.c	c64/cart/mmcreplay.c	SAME
src/Emulators/vice/c64/cart/delaep256.c	c64/cart/delaep256.c	SAME
src/Emulators/vice/c64/cart/prophet64.h	c64/cart/prophet64.h	SAME
src/Emulators/vice/c64/cart/stardos.h	c64/cart/stardos.h	SAME
src/Emulators/vice/c64/cart/warpspeed.h	c64/cart/warpspeed.h	SAME
src/Emulators/vice/c64/cart/c64cartsystem.h	c64/cart/c64cartsystem.h	SAME
src/Emulators/vice/c64/cart/easycalc.c	c64/cart/easycalc.c	SAME
src/Emulators/vice/c64/cart/magicdesk.h	c64/cart/magicdesk.h	SAME
src/Emulators/vice/c64/cart/dqbb.c	c64/cart/dqbb.c	SAME
src/Emulators/vice/c64/cart/c64cartmem.c	c64/cart/c64cartmem.c	SAME
src/Emulators/vice/c64/cart/sfx_soundsampler.h	c64/cart/sfx_soundsampler.h	SAME
src/Emulators/vice/c64/cart/clockport-mp3at64.h	c64/cart/clockport-mp3at64.h	SAME
src/Emulators/vice/c64/cart/digimax.h	c64/cart/digimax.h	SAME
src/Emulators/vice/c64/cart/isepic.c	c64/cart/isepic.c	SAME
src/Emulators/vice/c64/cart/zaxxon.h	c64/cart/zaxxon.h	SAME
src/Emulators/vice/c64/cart/expert.h	c64/cart/expert.h	SAME
src/Emulators/vice/c64/cart/gmod2.c	c64/cart/gmod2.c	SAME
src/Emulators/vice/c64/cart/c64-generic.h	c64/cart/c64-generic.h	SAME
src/Emulators/vice/c64/cart/actionreplay4.c	c64/cart/actionreplay4.c	SAME
src/Emulators/vice/c64/cart/c64carthooks.c	c64/cart/c64carthooks.c	SAME
src/Emulators/vice/c64/cart/kingsoft.h	c64/cart/kingsoft.h	SAME
src/Emulators/vice/c64/cart/cpmcart.c	c64/cart/cpmcart.c	SAME
src/Emulators/vice/c64/cart/actionreplay2.h	c64/cart/actionreplay2.h	SAME
src/Emulators/vice/c64/cart/mmc64.h	c64/cart/mmc64.h	SAME
src/Emulators/vice/c64/cart/stb.c	c64/cart/stb.c	SAME
src/Emulators/vice/c64/c64-cmdline-options.h	c64/c64-cmdline-options.h	SAME
src/Emulators/vice/c64/c64gluelogic.c	c64/c64gluelogic.c	SAME
src/Emulators/vice/c64/c64scmodel.c	c64/c64scmodel.c	SAME
src/Emulators/vice/c64/c64sound.c	c64/c64sound.c	SAME
src/Emulators/vice/c64/c64meminit.c	c64/c64meminit.c	SAME
src/Emulators/vice/c64/c64iec.c	c64/c64iec.c	SAME
src/Emulators/vice/c64/c64_256k.c	c64/c64_256k.c	SAME
src/Emulators/vice/c64/c64.c	c64/c64.c	SAME
src/Emulators/vice/c64/c64parallel.h	c64/c64parallel.h	SAME
src/Emulators/vice/c64/c64-snapshot.c	c64/c64-snapshot.c	SAME
src/Emulators/vice/c64/reloc65.c	c64/reloc65.c	SAME
src/Emulators/vice/c64/c64memsnapshot.c	c64/c64memsnapshot.c	SAME
src/Emulators/vice/c64/c64datasette.c	c64/c64datasette.c	SAME
src/Emulators/vice/c64/c64rsuser.h	c64/c64rsuser.h	SAME
src/Emulators/vice/c64/patchrom.c	c64/patchrom.c	GONE
src/Emulators/vice/c64/c64export.c	c64/c64export.c	SAME
src/Emulators/vice/c64/c64memlimit.h	c64/c64memlimit.h	SAME
src/Emulators/vice/c64/c64io.c	c64/c64io.c	SAME
src/Emulators/vice/c64/c64model.h	c64/c64model.h	SAME
src/Emulators/vice/c64/c64fastiec.h	c64/c64fastiec.h	SAME
src/Emulators/vice/c64/plus256k.c	c64/plus256k.c	SAME
src/Emulators/vice/c64/c64rom.h	c64/c64rom.h	SAME
src/Emulators/vice/c64/c64printer.c	c64/c64printer.c	SAME
src/Emulators/vice/core/cs8900.c	core/cs8900.c	SAME
src/Emulators/vice/core/fmopl.c	core/fmopl.c	SAME
src/Emulators/vice/core/viacore.c	core/viacore.c	SAME
src/Emulators/vice/core/ciacore.c	core/ciacore.c	SAME
src/Emulators/vice/core/ata.h	core/ata.h	SAME
src/Emulators/vice/core/riotcore.c	core/riotcore.c	SAME
src/Emulators/vice/core/ciatimer.c	core/ciatimer.c	SAME
src/Emulators/vice/core/tpicore.c	core/tpicore.c	SAME
src/Emulators/vice/core/spi-sdcard.h	core/spi-sdcard.h	SAME
src/Emulators/vice/core/t6721.h	core/t6721.h	SAME
src/Emulators/vice/core/mc6821core.h	core/mc6821core.h	SAME
src/Emulators/vice/core/ser-eeprom.c	core/ser-eeprom.c	SAME
src/Emulators/vice/core/m93c86.c	core/m93c86.c	SAME
src/Emulators/vice/core/ata.c	core/ata.c	SAME
src/Emulators/vice/core/fmopl.h	core/fmopl.h	SAME
src/Emulators/vice/core/cs8900.h	core/cs8900.h	SAME
src/Emulators/vice/core/ser-eeprom.h	core/ser-eeprom.h	SAME
src/Emulators/vice/core/mc6821core.c	core/mc6821core.c	SAME
src/Emulators/vice/core/t6721.c	core/t6721.c	SAME
src/Emulators/vice/core/ciatimer.h	core/ciatimer.h	SAME
src/Emulators/vice/core/spi-sdcard.c	core/spi-sdcard.c	SAME
src/Emulators/vice/core/m93c86.h	core/m93c86.h	SAME
src/Emulators/vice/core/flash040core.c	core/flash040core.c	SAME
src/Emulators/vice/resid-fp/residfp-siddefs-fp.h	resid-fp/siddefs-fp.h.cc	GONE
src/Emulators/vice/resid-fp/residfp-pot.cpp	resid-fp/pot.cc	MOVED:resid/pot.cc
src/Emulators/vice/resid-fp/residfp-wave.h	resid-fp/wave.h.cc	GONE
src/Emulators/vice/resid-fp/residfp-filter.h	resid-fp/filter.h.cc	GONE
src/Emulators/vice/resid-fp/residfp-extfilt.cpp	resid-fp/extfilt.cc	MOVED:resid-dtv/extfilt.cc
src/Emulators/vice/resid-fp/residfp-sid.cpp	resid-fp/sid.cc	MOVED:resid-dtv/sid.cc
src/Emulators/vice/resid-fp/residfp-envelope.cpp	resid-fp/envelope.cc	MOVED:resid-dtv/envelope.cc
src/Emulators/vice/resid-fp/residfp-filter.cpp	resid-fp/filter.cc	MOVED:resid-dtv/filter.cc
src/Emulators/vice/resid-fp/residfp-convolve.cpp	resid-fp/convolve.cc	GONE
src/Emulators/vice/resid-fp/residfp-wave.cpp	resid-fp/wave.cc	MOVED:resid-dtv/wave.cc
src/Emulators/vice/resid-fp/residfp-voice.h	resid-fp/voice.h.cc	GONE
src/Emulators/vice/resid-fp/residfp-convolve-sse.cpp	resid-fp/convolve-sse.cc	GONE
src/Emulators/vice/resid-fp/residfp-voice.cpp	resid-fp/voice.cc	MOVED:resid-dtv/voice.cc
src/Emulators/vice/resid-fp/residfp-sid.h	resid-fp/sid.h.cc	GONE
src/Emulators/vice/resid-fp/residfp-extfilt.h	resid-fp/extfilt.h.cc	GONE
src/Emulators/vice/resid-fp/residfp-pot.h	resid-fp/pot.h.cc	GONE
src/Emulators/vice/resid-fp/residfp-config.h	resid-fp/config.h.cc	GONE
src/Emulators/vice/resid-fp/residfp-envelope.h	resid-fp/envelope.h.cc	GONE
src/Emulators/vice/fileio/fileio.c	fileio/fileio.c	SAME
src/Emulators/vice/fileio/p00.c	fileio/p00.c	SAME
src/Emulators/vice/fileio/cbmfile.c	fileio/cbmfile.c	SAME
src/Emulators/vice/fileio/p00.h	fileio/p00.h	SAME
src/Emulators/vice/fileio/cbmfile.h	fileio/cbmfile.h	SAME
src/Emulators/vice/vice_debugger_hook.h	-	-	OURS
src/Emulators/vice/platform/platform_discovery.h	platform/platform_discovery.h	GONE
src/Emulators/vice/platform/platform_os2_runtime_os.c	platform/platform_os2_runtime_os.c	GONE
src/Emulators/vice/platform/platform_amd64_msvc_cpuid.h	platform/platform_amd64_msvc_cpuid.h	GONE
src/Emulators/vice/platform/platform_solaris_runtime_os.c	platform/platform_solaris_runtime_os.c	GONE
src/Emulators/vice/platform/platform_macosx.c	platform/platform_macosx.c	GONE
src/Emulators/vice/platform/platform_x86_runtime_cpu.c	platform/platform_x86_runtime_cpu.c	GONE
src/Emulators/vice/platform/platform_compiler.h	platform/platform_compiler.h	GONE
src/Emulators/vice/platform/platform.c	platform/platform.c	GONE
src/Emulators/vice/platform/platform_cpu_type.h	platform/platform_cpu_type.h	GONE
src/Emulators/vice/platform/platform_x86_gcc_cpuid.h	platform/platform_x86_gcc_cpuid.h	GONE
src/Emulators/vice/platform/platform_beos_runtime_os.c	platform/platform_beos_runtime_os.c	GONE
src/Emulators/vice/platform/platform_aros_runtime_os.c	platform/platform_aros_runtime_os.c	GONE
src/Emulators/vice/platform/platform_x86_msvc_cpuid.h	platform/platform_x86_msvc_cpuid.h	GONE
src/Emulators/vice/platform/platform_amigaos3_runtime_os.c	platform/platform_amigaos3_runtime_os.c	GONE
src/Emulators/vice/platform/platform_amigaos4_runtime_os.c	platform/platform_amigaos4_runtime_os.c	GONE
src/Emulators/vice/platform/platform_macosx.h	platform/platform_macosx.h	GONE
src/Emulators/vice/platform/platform_windows_runtime_os.c	platform/platform_windows_runtime_os.c	GONE
src/Emulators/vice/platform/platform_x86_runtime_cpu.h	platform/platform_x86_runtime_cpu.h	GONE
src/Emulators/vice/platform/platform.h	platform/platform.h	GONE
src/Emulators/vice/platform/platform_linux_libc_version.h	platform/platform_linux_libc_version.h	GONE
src/Emulators/vice/platform/platform_syllable_runtime_os.c	platform/platform_syllable_runtime_os.c	GONE
src/Emulators/vice/diskimage/fsimage.h	diskimage/fsimage.h	SAME
src/Emulators/vice/diskimage/fsimage-dxx.h	diskimage/fsimage-dxx.h	SAME
src/Emulators/vice/diskimage/fsimage-probe.h	diskimage/fsimage-probe.h	SAME
src/Emulators/vice/diskimage/fsimage-p64.h	diskimage/fsimage-p64.h	SAME
src/Emulators/vice/diskimage/rawimage.h	diskimage/rawimage.h	GONE
src/Emulators/vice/diskimage/fsimage-create.c	diskimage/fsimage-create.c	SAME
src/Emulators/vice/diskimage/fsimage-gcr.c	diskimage/fsimage-gcr.c	SAME
src/Emulators/vice/diskimage/fsimage-check.c	diskimage/fsimage-check.c	SAME
src/Emulators/vice/diskimage/fsimage-dxx.c	diskimage/fsimage-dxx.c	SAME
src/Emulators/vice/diskimage/fsimage.c	diskimage/fsimage.c	SAME
src/Emulators/vice/diskimage/x64.h	diskimage/x64.h	SAME
src/Emulators/vice/diskimage/rawimage.c	diskimage/rawimage.c	GONE
src/Emulators/vice/diskimage/diskimage.c	diskimage/diskimage.c	SAME
src/Emulators/vice/diskimage/fsimage-p64.c	diskimage/fsimage-p64.c	SAME
src/Emulators/vice/diskimage/fsimage-probe.c	diskimage/fsimage-probe.c	SAME
src/Emulators/vice/diskimage/fsimage-create.h	diskimage/fsimage-create.h	SAME
src/Emulators/vice/diskimage/realimage.h	diskimage/realimage.h	SAME
src/Emulators/vice/diskimage/fsimage-gcr.h	diskimage/fsimage-gcr.h	SAME
src/Emulators/vice/diskimage/c1541.c	diskimage/c1541.c	MOVED:c1541.c
src/Emulators/vice/diskimage/fsimage-check.h	diskimage/fsimage-check.h	SAME
src/Emulators/vice/resid/resid-envelope.h	resid/envelope.h.cc	GONE
src/Emulators/vice/resid/resid-pot.h	resid/pot.h.cc	GONE
src/Emulators/vice/resid/resid-extfilt.cpp	resid/extfilt.cc	SAME
src/Emulators/vice/resid/resid-spline.h	resid/spline.h.cc	GONE
src/Emulators/vice/resid/resid-config.h	resid/config.h.cc	GONE
src/Emulators/vice/resid/resid-wave.cpp	resid/wave.cc	SAME
src/Emulators/vice/resid/wave8580__ST.h	resid/wave8580__ST.h	SAME
src/Emulators/vice/resid/wave8580_P_T.h	resid/wave8580_P_T.h	SAME
src/Emulators/vice/resid/wave8580_PS_.h	resid/wave8580_PS_.h	SAME
src/Emulators/vice/resid/resid-sid.h	resid/sid.h.cc	GONE
src/Emulators/vice/resid/resid-voice.h	resid/voice.h.cc	GONE
src/Emulators/vice/resid/wave6581_PST.h	resid/wave6581_PST.h	SAME
src/Emulators/vice/resid/resid-dac.cpp	resid/dac.cc	SAME
src/Emulators/vice/resid/resid-filter.cpp	resid/filter.cc	SAME
src/Emulators/vice/resid/resid-version.cpp	resid/version.cc	SAME
src/Emulators/vice/resid/resid-dac.h	resid/dac.h.cc	GONE
src/Emulators/vice/resid/resid-wave.h	resid/wave.h.cc	GONE
src/Emulators/vice/resid/wave6581__ST.h	resid/wave6581__ST.h	SAME
src/Emulators/vice/resid/resid-voice.cpp	resid/voice.cc	SAME
src/Emulators/vice/resid/wave6581_P_T.h	resid/wave6581_P_T.h	SAME
src/Emulators/vice/resid/resid-siddefs.h	resid/siddefs.h.cc	GONE
src/Emulators/vice/resid/resid-envelope.cpp	resid/envelope.cc	SAME
src/Emulators/vice/resid/resid-extfilt.h	resid/extfilt.h.cc	GONE
src/Emulators/vice/resid/resid-sid.cpp	resid/sid.cc	SAME
src/Emulators/vice/resid/wave8580_PST.h	resid/wave8580_PST.h	SAME
src/Emulators/vice/resid/resid-pot.cpp	resid/pot.cc	SAME
src/Emulators/vice/resid/resid-filter.h	resid/filter.h.cc	GONE
src/Emulators/vice/resid/wave6581_PS_.h	resid/wave6581_PS_.h	SAME
src/Emulators/vice/iecbus/iecbus.c	iecbus/iecbus.c	SAME
src/Emulators/vice/sounddrv/soundaiff.c	sounddrv/soundaiff.c	MOVED:arch/shared/sounddrv/soundaiff.c
src/Emulators/vice/sounddrv/sounddump.c	sounddrv/sounddump.c	MOVED:arch/shared/sounddrv/sounddump.c
src/Emulators/vice/sounddrv/soundfs.c	sounddrv/soundfs.c	MOVED:arch/shared/sounddrv/soundfs.c
src/Emulators/vice/sounddrv/soundsdl.c	sounddrv/soundsdl.c	MOVED:arch/shared/sounddrv/soundsdl.c
src/Emulators/vice/sounddrv/sounddummy.c	sounddrv/sounddummy.c	MOVED:arch/shared/sounddrv/sounddummy.c
src/Emulators/vice/sounddrv/soundiff.c	sounddrv/soundiff.c	MOVED:arch/shared/sounddrv/soundiff.c
src/Emulators/vice/sounddrv/soundmovie.h	sounddrv/soundmovie.h	MOVED:arch/shared/sounddrv/soundmovie.h
src/Emulators/vice/sounddrv/soundvoc.c	sounddrv/soundvoc.c	MOVED:arch/shared/sounddrv/soundvoc.c
src/Emulators/vice/sounddrv/soundmovie.c	sounddrv/soundmovie.c	MOVED:arch/shared/sounddrv/soundmovie.c
src/Emulators/vice/sounddrv/soundwav.c	sounddrv/soundwav.c	MOVED:arch/shared/sounddrv/soundwav.c
src/Emulators/vice/gfxoutputdrv/jpegdrv.c	gfxoutputdrv/jpegdrv.c	GONE
src/Emulators/vice/gfxoutputdrv/nativedrv.c	gfxoutputdrv/nativedrv.c	SAME
src/Emulators/vice/gfxoutputdrv/godotdrv.h	gfxoutputdrv/godotdrv.h	SAME
src/Emulators/vice/gfxoutputdrv/ppmdrv.c	gfxoutputdrv/ppmdrv.c	SAME
src/Emulators/vice/gfxoutputdrv/bmpdrv.h	gfxoutputdrv/bmpdrv.h	SAME
src/Emulators/vice/gfxoutputdrv/koaladrv.c	gfxoutputdrv/koaladrv.c	SAME
src/Emulators/vice/gfxoutputdrv/doodledrv.h	gfxoutputdrv/doodledrv.h	GONE
src/Emulators/vice/gfxoutputdrv/pcxdrv.h	gfxoutputdrv/pcxdrv.h	SAME
src/Emulators/vice/gfxoutputdrv/iffdrv.c	gfxoutputdrv/iffdrv.c	SAME
src/Emulators/vice/gfxoutputdrv/nativedrv.h	gfxoutputdrv/nativedrv.h	SAME
src/Emulators/vice/gfxoutputdrv/jpegdrv.h	gfxoutputdrv/jpegdrv.h	GONE
src/Emulators/vice/gfxoutputdrv/godotdrv.c	gfxoutputdrv/godotdrv.c	SAME
src/Emulators/vice/gfxoutputdrv/ppmdrv.h	gfxoutputdrv/ppmdrv.h	SAME
src/Emulators/vice/gfxoutputdrv/bmpdrv.c	gfxoutputdrv/bmpdrv.c	SAME
src/Emulators/vice/gfxoutputdrv/gfxoutput.c	gfxoutputdrv/gfxoutput.c	SAME
src/Emulators/vice/gfxoutputdrv/iffdrv.h	gfxoutputdrv/iffdrv.h	SAME
src/Emulators/vice/gfxoutputdrv/pcxdrv.c	gfxoutputdrv/pcxdrv.c	SAME
src/Emulators/vice/gfxoutputdrv/doodledrv.c	gfxoutputdrv/doodledrv.c	GONE
src/Emulators/vice/gfxoutputdrv/gifdrv.c	gfxoutputdrv/gifdrv.c	SAME
src/Emulators/vice/printerdrv/interface-serial.c	printerdrv/interface-serial.c	SAME
src/Emulators/vice/printerdrv/output-graphics.h	printerdrv/output-graphics.h	SAME
src/Emulators/vice/printerdrv/driver-select.c	printerdrv/driver-select.c	SAME
src/Emulators/vice/printerdrv/output-select.c	printerdrv/output-select.c	SAME
src/Emulators/vice/printerdrv/drv-nl10.h	printerdrv/drv-nl10.h	SAME
src/Emulators/vice/printerdrv/drv-1520.c	printerdrv/drv-1520.c	SAME
src/Emulators/vice/printerdrv/interface-userport.h	printerdrv/interface-userport.h	SAME
src/Emulators/vice/printerdrv/drv-raw.c	printerdrv/drv-raw.c	SAME
src/Emulators/vice/printerdrv/drv-ascii.h	printerdrv/drv-ascii.h	SAME
src/Emulators/vice/printerdrv/drv-mps803.h	printerdrv/drv-mps803.h	SAME
src/Emulators/vice/printerdrv/output-text.c	printerdrv/output-text.c	SAME
src/Emulators/vice/printerdrv/output.h	printerdrv/output.h	SAME
src/Emulators/vice/printerdrv/interface-serial.h	printerdrv/interface-serial.h	SAME
src/Emulators/vice/printerdrv/printer.c	printerdrv/printer.c	SAME
src/Emulators/vice/printerdrv/printer-userport.c	printerdrv/printer-userport.c	SAME
src/Emulators/vice/printerdrv/output-select.h	printerdrv/output-select.h	SAME
src/Emulators/vice/printerdrv/driver-select.h	printerdrv/driver-select.h	SAME
src/Emulators/vice/printerdrv/output-graphics.c	printerdrv/output-graphics.c	SAME
src/Emulators/vice/printerdrv/drv-ascii.c	printerdrv/drv-ascii.c	SAME
src/Emulators/vice/printerdrv/drv-raw.h	printerdrv/drv-raw.h	SAME
src/Emulators/vice/printerdrv/interface-userport.c	printerdrv/interface-userport.c	SAME
src/Emulators/vice/printerdrv/drv-nl10.c	printerdrv/drv-nl10.c	SAME
src/Emulators/vice/printerdrv/drv-1520.h	printerdrv/drv-1520.h	SAME
src/Emulators/vice/printerdrv/output-text.h	printerdrv/output-text.h	SAME
src/Emulators/vice/printerdrv/printer-serial.c	printerdrv/printer-serial.c	SAME
src/Emulators/vice/printerdrv/drv-mps803.c	printerdrv/drv-mps803.c	SAME
src/Emulators/vice/arch/joy.h	arch/joy.h	MOVED:arch/sdl/joy.h
src/Emulators/vice/arch/menu_sid.h	arch/menu_sid.h	MOVED:arch/sdl/menu_sid.h
src/Emulators/vice/arch/uistatusbar.c	arch/uistatusbar.c	MOVED:arch/gtk3/uistatusbar.c
src/Emulators/vice/arch/mousedrv.h	arch/mousedrv.h	MOVED:arch/gtk3/mousedrv.h
src/Emulators/vice/arch/menu_drive.c	arch/menu_drive.c	MOVED:arch/sdl/menu_drive.c
src/Emulators/vice/arch/x64sc_ui.c	arch/x64sc_ui.c	MOVED:arch/sdl/x64sc_ui.c
src/Emulators/vice/arch/blockdev.c	arch/blockdev.c	GONE
src/Emulators/vice/arch/menu_c64hw.c	arch/menu_c64hw.c	MOVED:arch/sdl/menu_c64hw.c
src/Emulators/vice/arch/menu_network.c	arch/menu_network.c	MOVED:arch/sdl/menu_network.c
src/Emulators/vice/arch/coproc.c	arch/coproc.c	MOVED:arch/shared/coproc.c
src/Emulators/vice/arch/menu_printer.h	arch/menu_printer.h	MOVED:arch/sdl/menu_printer.h
src/Emulators/vice/arch/menu_c64_common_expansions.c	arch/menu_c64_common_expansions.c	MOVED:arch/sdl/menu_c64_common_expansions.c
src/Emulators/vice/arch/menu_midi.c	arch/menu_midi.c	MOVED:arch/sdl/menu_midi.c
src/Emulators/vice/arch/menu_tfe.c	arch/menu_tfe.c	GONE
src/Emulators/vice/arch/menu_c64model.h	arch/menu_c64model.h	MOVED:arch/sdl/menu_c64model.h
src/Emulators/vice/arch/uimenu.h	arch/uimenu.h	MOVED:arch/gtk3/uimenu.h
src/Emulators/vice/arch/catweaselmkiii.c	arch/catweaselmkiii.c	MOVED:sid/catweaselmkiii.c
src/Emulators/vice/arch/menu_snapshot.h	arch/menu_snapshot.h	MOVED:arch/sdl/menu_snapshot.h
src/Emulators/vice/arch/menu_rom.c	arch/menu_rom.c	MOVED:arch/sdl/menu_rom.c
src/Emulators/vice/arch/uifilereq.h	arch/uifilereq.h	MOVED:arch/sdl/uifilereq.h
src/Emulators/vice/arch/menu_reset.h	arch/menu_reset.h	MOVED:arch/sdl/menu_reset.h
src/Emulators/vice/arch/menu_ffmpeg.h	arch/menu_ffmpeg.h	MOVED:arch/sdl/menu_ffmpeg.h
src/Emulators/vice/arch/rs232net.c	arch/rs232net.c	MOVED:rs232drv/rs232net.c
src/Emulators/vice/arch/uihotkey.c	arch/uihotkey.c	MOVED:arch/sdl/uihotkey.c
src/Emulators/vice/arch/vsyncarch.c	arch/vsyncarch.c	MOVED:arch/gtk3/vsyncarch.c
src/Emulators/vice/arch/uimsgbox.h	arch/uimsgbox.h	MOVED:arch/sdl/uimsgbox.h
src/Emulators/vice/arch/ui.h	arch/ui.h	MOVED:arch/gtk3/ui.h
src/Emulators/vice/arch/fullscreen.c	arch/fullscreen.c	MOVED:arch/sdl/fullscreen.c
src/Emulators/vice/arch/menu_joystick.c	arch/menu_joystick.c	MOVED:arch/sdl/menu_joystick.c
src/Emulators/vice/arch/menu_screenshot.c	arch/menu_screenshot.c	MOVED:arch/sdl/menu_screenshot.c
src/Emulators/vice/arch/video.c	arch/video.c	MOVED:arch/gtk3/video.c
src/Emulators/vice/arch/lightpendrv.h	arch/lightpendrv.h	MOVED:arch/sdl/lightpendrv.h
src/Emulators/vice/arch/menu_help.c	arch/menu_help.c	MOVED:arch/sdl/menu_help.c
src/Emulators/vice/arch/menu_common.c	arch/menu_common.c	MOVED:arch/sdl/menu_common.c
src/Emulators/vice/arch/uimon.c	arch/uimon.c	MOVED:arch/gtk3/uimon.c
src/Emulators/vice/arch/menu_tape.h	arch/menu_tape.h	MOVED:arch/sdl/menu_tape.h
src/Emulators/vice/arch/socketimpl.h	arch/socketimpl.h	MOVED:arch/shared/socketdrv/socketimpl.h
src/Emulators/vice/arch/vicetypes.h	arch/vicetypes.h	GONE
src/Emulators/vice/arch/kbd.h	arch/kbd.h	MOVED:arch/gtk3/kbd.h
src/Emulators/vice/arch/menu_rs232.c	arch/menu_rs232.c	MOVED:arch/sdl/menu_rs232.c
src/Emulators/vice/arch/menu_ram.c	arch/menu_ram.c	MOVED:arch/sdl/menu_ram.c
src/Emulators/vice/arch/videoarch.h	arch/videoarch.h	MOVED:arch/gtk3/videoarch.h
src/Emulators/vice/arch/menu_c64cart.h	arch/menu_c64cart.h	MOVED:arch/sdl/menu_c64cart.h
src/Emulators/vice/arch/menu_video.h	arch/menu_video.h	MOVED:arch/sdl/menu_video.h
src/Emulators/vice/arch/menu_vic20cart.c	arch/menu_vic20cart.c	MOVED:arch/sdl/menu_vic20cart.c
src/Emulators/vice/arch/menu_settings.c	arch/menu_settings.c	MOVED:arch/sdl/menu_settings.c
src/Emulators/vice/arch/menu_drive_rom.h	arch/menu_drive_rom.h	MOVED:arch/sdl/menu_drive_rom.h
src/Emulators/vice/arch/rawnetarch.c	arch/rawnetarch.c	MOVED:arch/shared/rawnetarch.c
src/Emulators/vice/arch/uicmdline.c	arch/uicmdline.c	MOVED:arch/gtk3/uicmdline.c
src/Emulators/vice/arch/menu_lightpen.c	arch/menu_lightpen.c	GONE
src/Emulators/vice/arch/menu_sound.c	arch/menu_sound.c	MOVED:arch/sdl/menu_sound.c
src/Emulators/vice/arch/parsid.c	arch/parsid.c	MOVED:sid/parsid.c
src/Emulators/vice/arch/menu_vic20hw.c	arch/menu_vic20hw.c	MOVED:arch/sdl/menu_vic20hw.c
src/Emulators/vice/arch/vkbd.h	arch/vkbd.h	MOVED:arch/sdl/vkbd.h
src/Emulators/vice/arch/menu_speed.c	arch/menu_speed.c	MOVED:arch/sdl/menu_speed.c
src/Emulators/vice/arch/vsidui_sdl.h	arch/vsidui_sdl.h	MOVED:arch/sdl/vsidui_sdl.h
src/Emulators/vice/arch/menu_c64_expansions.h	arch/menu_c64_expansions.h	MOVED:arch/sdl/menu_c64_expansions.h
src/Emulators/vice/arch/menu_debug.c	arch/menu_debug.c	MOVED:arch/sdl/menu_debug.c
src/Emulators/vice/arch/rs232dev.c	arch/rs232dev.c	MOVED:arch/shared/rs232dev.c
src/Emulators/vice/arch/menu_mouse.h	arch/menu_mouse.h	MOVED:arch/sdl/menu_mouse.h
src/Emulators/vice/arch/uipoll.h	arch/uipoll.h	MOVED:arch/sdl/uipoll.h
src/Emulators/vice/arch/archdep_unix.h	arch/archdep_unix.h	MOVED:arch/shared/archdep_unix.h
src/Emulators/vice/arch/menu_rom.h	arch/menu_rom.h	MOVED:arch/sdl/menu_rom.h
src/Emulators/vice/arch/menu_snapshot.c	arch/menu_snapshot.c	MOVED:arch/sdl/menu_snapshot.c
src/Emulators/vice/arch/menu_ffmpeg.c	arch/menu_ffmpeg.c	MOVED:arch/sdl/menu_ffmpeg.c
src/Emulators/vice/arch/menu_reset.c	arch/menu_reset.c	MOVED:arch/sdl/menu_reset.c
src/Emulators/vice/arch/uifilereq.c	arch/uifilereq.c	MOVED:arch/sdl/uifilereq.c
src/Emulators/vice/arch/menu_printer.c	arch/menu_printer.c	MOVED:arch/sdl/menu_printer.c
src/Emulators/vice/arch/coproc.h	arch/coproc.h	MOVED:arch/shared/coproc.h
src/Emulators/vice/arch/menu_network.h	arch/menu_network.h	MOVED:arch/sdl/menu_network.h
src/Emulators/vice/arch/uimenu.c	arch/uimenu.c	MOVED:arch/gtk3/uimenu.c
src/Emulators/vice/arch/menu_c64model.c	arch/menu_c64model.c	MOVED:arch/sdl/menu_c64model.c
src/Emulators/vice/arch/menu_midi.h	arch/menu_midi.h	MOVED:arch/sdl/menu_midi.h
src/Emulators/vice/arch/menu_tfe.h	arch/menu_tfe.h	GONE
src/Emulators/vice/arch/menu_c64_common_expansions.h	arch/menu_c64_common_expansions.h	MOVED:arch/sdl/menu_c64_common_expansions.h
src/Emulators/vice/arch/menu_drive.h	arch/menu_drive.h	MOVED:arch/sdl/menu_drive.h
src/Emulators/vice/arch/console.c	arch/console.c	MOVED:arch/shared/console.c
src/Emulators/vice/arch/menu_c64hw.h	arch/menu_c64hw.h	MOVED:arch/sdl/menu_c64hw.h
src/Emulators/vice/arch/uipause.c	arch/uipause.c	MOVED:arch/sdl/uipause.c
src/Emulators/vice/arch/menu_sid.c	arch/menu_sid.c	MOVED:arch/sdl/menu_sid.c
src/Emulators/vice/arch/joy.c	arch/joy.c	MOVED:arch/sdl/joy.c
src/Emulators/vice/arch/mousedrv.c	arch/mousedrv.c	MOVED:arch/gtk3/mousedrv.c
src/Emulators/vice/arch/uistatusbar.h	arch/uistatusbar.h	MOVED:arch/gtk3/uistatusbar.h
src/Emulators/vice/arch/fullscreenarch.h	arch/fullscreenarch.h	MOVED:arch/sdl/fullscreenarch.h
src/Emulators/vice/arch/menu_common.h	arch/menu_common.h	MOVED:arch/sdl/menu_common.h
src/Emulators/vice/arch/lightpendrv.c	arch/lightpendrv.c	MOVED:arch/sdl/lightpendrv.c
src/Emulators/vice/arch/menu_help.h	arch/menu_help.h	MOVED:arch/sdl/menu_help.h
src/Emulators/vice/arch/menu_screenshot.h	arch/menu_screenshot.h	MOVED:arch/sdl/menu_screenshot.h
src/Emulators/vice/arch/menu_joystick.h	arch/menu_joystick.h	MOVED:arch/sdl/menu_joystick.h
src/Emulators/vice/arch/c64-hardsid.c	arch/c64-hardsid.c	GONE
src/Emulators/vice/arch/rs232.c	arch/rs232.c	MOVED:rs232drv/rs232.c
src/Emulators/vice/arch/ui.c	arch/ui.c	MOVED:arch/gtk3/ui.c
src/Emulators/vice/arch/uimsgbox.c	arch/uimsgbox.c	MOVED:arch/sdl/uimsgbox.c
src/Emulators/vice/arch/uihotkey.h	arch/uihotkey.h	MOVED:arch/sdl/uihotkey.h
src/Emulators/vice/arch/rs232net.h	arch/rs232net.h	MOVED:rs232drv/rs232net.h
src/Emulators/vice/arch/menu_lightpen.h	arch/menu_lightpen.h	GONE
src/Emulators/vice/arch/menu_video.c	arch/menu_video.c	MOVED:arch/sdl/menu_video.c
src/Emulators/vice/arch/menu_drive_rom.c	arch/menu_drive_rom.c	MOVED:arch/sdl/menu_drive_rom.c
src/Emulators/vice/arch/dynlib.c	arch/dynlib.c	MOVED:arch/shared/dynlib.c
src/Emulators/vice/arch/menu_settings.h	arch/menu_settings.h	MOVED:arch/sdl/menu_settings.h
src/Emulators/vice/arch/menu_vic20cart.h	arch/menu_vic20cart.h	MOVED:arch/sdl/menu_vic20cart.h
src/Emulators/vice/arch/menu_c64cart.c	arch/menu_c64cart.c	MOVED:arch/sdl/menu_c64cart.c
src/Emulators/vice/arch/menu_ram.h	arch/menu_ram.h	MOVED:arch/sdl/menu_ram.h
src/Emulators/vice/arch/kbd.c	arch/kbd.c	MOVED:arch/gtk3/kbd.c
src/Emulators/vice/arch/menu_rs232.h	arch/menu_rs232.h	MOVED:arch/sdl/menu_rs232.h
src/Emulators/vice/arch/menu_tape.c	arch/menu_tape.c	MOVED:arch/sdl/menu_tape.c
src/Emulators/vice/arch/rs232dev.h	arch/rs232dev.h	MOVED:rs232drv/rs232dev.h
src/Emulators/vice/arch/menu_debug.h	arch/menu_debug.h	MOVED:arch/sdl/menu_debug.h
src/Emulators/vice/arch/menu_mouse.c	arch/menu_mouse.c	MOVED:arch/sdl/menu_mouse.c
src/Emulators/vice/arch/uipoll.c	arch/uipoll.c	MOVED:arch/sdl/uipoll.c
src/Emulators/vice/arch/vkbd.c	arch/vkbd.c	MOVED:arch/sdl/vkbd.c
src/Emulators/vice/arch/menu_c64_expansions.c	arch/menu_c64_expansions.c	MOVED:arch/sdl/menu_c64_expansions.c
src/Emulators/vice/arch/menu_speed.h	arch/menu_speed.h	MOVED:arch/sdl/menu_speed.h
src/Emulators/vice/arch/menu_vic20hw.h	arch/menu_vic20hw.h	MOVED:arch/sdl/menu_vic20hw.h
src/Emulators/vice/arch/menu_sound.h	arch/menu_sound.h	MOVED:arch/sdl/menu_sound.h
src/Emulators/vice/arch/signals.c	arch/signals.c	MOVED:arch/shared/signals.c
src/Emulators/vice/rtc/ds12c887.h	rtc/ds12c887.h	MOVED:core/rtc/ds12c887.h
src/Emulators/vice/rtc/ds1202_1302.h	rtc/ds1202_1302.h	MOVED:core/rtc/ds1202_1302.h
src/Emulators/vice/rtc/ds1602.c	rtc/ds1602.c	MOVED:core/rtc/ds1602.c
src/Emulators/vice/rtc/rtc.c	rtc/rtc.c	MOVED:core/rtc/rtc.c
src/Emulators/vice/rtc/bq4830y.h	rtc/bq4830y.h	MOVED:core/rtc/bq4830y.h
src/Emulators/vice/rtc/ds1216e.h	rtc/ds1216e.h	MOVED:core/rtc/ds1216e.h
src/Emulators/vice/rtc/ds1307.h	rtc/ds1307.h	MOVED:core/rtc/ds1307.h
src/Emulators/vice/rtc/rtc-58321a.h	rtc/rtc-58321a.h	MOVED:core/rtc/rtc-58321a.h
src/Emulators/vice/rtc/pcf8583.h	rtc/pcf8583.h	MOVED:core/rtc/pcf8583.h
src/Emulators/vice/rtc/ds1602.h	rtc/ds1602.h	MOVED:core/rtc/ds1602.h
src/Emulators/vice/rtc/ds1202_1302.c	rtc/ds1202_1302.c	MOVED:core/rtc/ds1202_1302.c
src/Emulators/vice/rtc/ds12c887.c	rtc/ds12c887.c	MOVED:core/rtc/ds12c887.c
src/Emulators/vice/rtc/bq4830y.c	rtc/bq4830y.c	MOVED:core/rtc/bq4830y.c
src/Emulators/vice/rtc/rtc.h	rtc/rtc.h	MOVED:core/rtc/rtc.h
src/Emulators/vice/rtc/pcf8583.c	rtc/pcf8583.c	MOVED:core/rtc/pcf8583.c
src/Emulators/vice/rtc/rtc-58321a.c	rtc/rtc-58321a.c	MOVED:core/rtc/rtc-58321a.c
src/Emulators/vice/rtc/ds1307.c	rtc/ds1307.c	MOVED:core/rtc/ds1307.c
src/Emulators/vice/rtc/ds1216e.c	rtc/ds1216e.c	MOVED:core/rtc/ds1216e.c
src/Emulators/vice/joyport/cx85.h	joyport/cx85.h	SAME
src/Emulators/vice/joyport/script64_dongle.c	joyport/script64_dongle.c	SAME
src/Emulators/vice/joyport/coplin_keypad.c	joyport/coplin_keypad.c	SAME
src/Emulators/vice/joyport/rushware_keypad.c	joyport/rushware_keypad.c	SAME
src/Emulators/vice/joyport/mouse.c	joyport/mouse.c	SAME
src/Emulators/vice/joyport/cardkey.h	joyport/cardkey.h	SAME
src/Emulators/vice/joyport/joyport.c	joyport/joyport.c	SAME
src/Emulators/vice/joyport/sampler2bit.c	joyport/sampler2bit.c	SAME
src/Emulators/vice/joyport/lightpen.h	joyport/lightpen.h	SAME
src/Emulators/vice/joyport/joystick.h	joyport/joystick.h	SAME
src/Emulators/vice/joyport/bbrtc.h	joyport/bbrtc.h	SAME
src/Emulators/vice/joyport/cx21.h	joyport/cx21.h	SAME
src/Emulators/vice/joyport/vizawrite64_dongle.h	joyport/vizawrite64_dongle.h	SAME
src/Emulators/vice/joyport/sampler4bit.c	joyport/sampler4bit.c	SAME
src/Emulators/vice/joyport/paperclip64.h	joyport/paperclip64.h	SAME
src/Emulators/vice/joyport/mouse.h	joyport/mouse.h	SAME
src/Emulators/vice/joyport/rushware_keypad.h	joyport/rushware_keypad.h	SAME
src/Emulators/vice/joyport/script64_dongle.h	joyport/script64_dongle.h	SAME
src/Emulators/vice/joyport/cx85.c	joyport/cx85.c	SAME
src/Emulators/vice/joyport/coplin_keypad.h	joyport/coplin_keypad.h	SAME
src/Emulators/vice/joyport/lightpen.c	joyport/lightpen.c	SAME
src/Emulators/vice/joyport/sampler2bit.h	joyport/sampler2bit.h	SAME
src/Emulators/vice/joyport/cardkey.c	joyport/cardkey.c	SAME
src/Emulators/vice/joyport/joyport.h	joyport/joyport.h	SAME
src/Emulators/vice/joyport/cx21.c	joyport/cx21.c	SAME
src/Emulators/vice/joyport/vizawrite64_dongle.c	joyport/vizawrite64_dongle.c	SAME
src/Emulators/vice/joyport/joystick.c	joyport/joystick.c	SAME
src/Emulators/vice/joyport/bbrtc.c	joyport/bbrtc.c	SAME
src/Emulators/vice/joyport/paperclip64.c	joyport/paperclip64.c	SAME
src/Emulators/vice/joyport/sampler4bit.h	joyport/sampler4bit.h	SAME
src/Emulators/vice/samplerdrv/file_drv.c	samplerdrv/file_drv.c	SAME
src/Emulators/vice/samplerdrv/sampler.h	samplerdrv/sampler.h	SAME
src/Emulators/vice/samplerdrv/portaudio_drv.h	samplerdrv/portaudio_drv.h	SAME
src/Emulators/vice/samplerdrv/file_drv.h	samplerdrv/file_drv.h	SAME
src/Emulators/vice/samplerdrv/sampler.c	samplerdrv/sampler.c	SAME
src/Emulators/vice/samplerdrv/portaudio_drv.c	samplerdrv/portaudio_drv.c	SAME
src/Emulators/vice/root/main.h	main.h	SAME
src/Emulators/vice/root/iecbus.h	iecbus.h	SAME
src/Emulators/vice/root/log.c	log.c	SAME
src/Emulators/vice/root/vice-crc32.c	vice-crc32.c	GONE
src/Emulators/vice/root/fliplist.c	fliplist.c	SAME
src/Emulators/vice/root/sound.h	sound.h	SAME
src/Emulators/vice/root/drivedos2040.h	drivedos2040.h	GONE
src/Emulators/vice/root/console.h	console.h	SAME
src/Emulators/vice/root/cbmdos.h	cbmdos.h	SAME
src/Emulators/vice/root/maincpu.h	maincpu.h	SAME
src/Emulators/vice/root/rawnet.c	rawnet.c	SAME
src/Emulators/vice/root/network.c	network.c	SAME
src/Emulators/vice/root/printer.h	printer.h	MOVED:printerdrv/printer.h
src/Emulators/vice/root/translate_funcs.h	translate_funcs.h	GONE
src/Emulators/vice/root/drivedos1541.h	drivedos1541.h	GONE
src/Emulators/vice/root/ram.h	ram.h	SAME
src/Emulators/vice/root/dma.h	dma.h	SAME
src/Emulators/vice/root/mididrv.h	mididrv.h	SAME
src/Emulators/vice/root/uicolor.h	uicolor.h	SAME
src/Emulators/vice/root/palette.c	palette.c	SAME
src/Emulators/vice/root/vicesocket.h	vicesocket.h	SAME
src/Emulators/vice/root/vsyncapi.h	vsyncapi.h	SAME
src/Emulators/vice/root/machine-video.h	machine-video.h	SAME
src/Emulators/vice/root/drivedos2000.h	drivedos2000.h	GONE
src/Emulators/vice/root/imagecontents.h	imagecontents.h	SAME
src/Emulators/vice/root/debug.h	debug.h	SAME
src/Emulators/vice/root/lib.c	lib.c	SAME
src/Emulators/vice/root/interrupt.c	interrupt.c	SAME
src/Emulators/vice/root/version.h	version.h	SAME
src/Emulators/vice/root/vicii_vice_vpl.h	vicii_vice_vpl.h	GONE
src/Emulators/vice/root/autostart-prg.c	autostart-prg.c	SAME
src/Emulators/vice/root/gcr.c	gcr.c	SAME
src/Emulators/vice/root/export.h	export.h	SAME
src/Emulators/vice/root/alarm.h	alarm.h	SAME
src/Emulators/vice/root/drivedos1570.h	drivedos1570.h	GONE
src/Emulators/vice/root/initcmdline.h	initcmdline.h	SAME
src/Emulators/vice/root/resources.h	resources.h	SAME
src/Emulators/vice/root/vice_sdl.h	vice_sdl.h	MOVED:arch/sdl/vice_sdl.h
src/Emulators/vice/root/util.c	util.c	SAME
src/Emulators/vice/root/c64_vice_vpl.h	c64_vice_vpl.h	GONE
src/Emulators/vice/root/drivedos1001.h	drivedos1001.h	GONE
src/Emulators/vice/root/cia.h	cia.h	SAME
src/Emulators/vice/root/embedded.c	embedded.c	GONE
src/Emulators/vice/root/midi.h	midi.h	SAME
src/Emulators/vice/root/c64_default_vpl.h	c64_default_vpl.h	GONE
src/Emulators/vice/root/c64_pc64_vpl.h	c64_pc64_vpl.h	GONE
src/Emulators/vice/root/diskimage.h	diskimage.h	SAME
src/Emulators/vice/root/via.h	via.h	SAME
src/Emulators/vice/root/screenshot.h	screenshot.h	SAME
src/Emulators/vice/root/cbmimage.c	cbmimage.c	SAME
src/Emulators/vice/root/clipboard.c	clipboard.c	SAME
src/Emulators/vice/root/vicii_ptoing_vpl.h	vicii_ptoing_vpl.h	GONE
src/Emulators/vice/root/drivedos3040.h	drivedos3040.h	GONE
src/Emulators/vice/root/machine.h	machine.h	SAME
src/Emulators/vice/root/findpath.c	findpath.c	SAME
src/Emulators/vice/root/keyboard.c	keyboard.c	SAME
src/Emulators/vice/root/drivedos2031.h	drivedos2031.h	GONE
src/Emulators/vice/root/vicii_pc64_vpl.h	vicii_pc64_vpl.h	GONE
src/Emulators/vice/root/autostart.h	autostart.h	SAME
src/Emulators/vice/root/opencbmlib.c	opencbmlib.c	SAME
src/Emulators/vice/root/traps.c	traps.c	SAME
src/Emulators/vice/root/viewport.h	viewport.h	SAME
src/Emulators/vice/root/gfxoutput.h	gfxoutput.h	SAME
src/Emulators/vice/root/wdc65816.h	wdc65816.h	SAME
src/Emulators/vice/root/vicefeatures.c	vicefeatures.c	SAME
src/Emulators/vice/root/init.c	init.c	SAME
src/Emulators/vice/root/fixpoint.h	fixpoint.h	SAME
src/Emulators/vice/root/vice-event.h	vice-event.h	SAME
src/Emulators/vice/root/info.c	info.c	SAME
src/Emulators/vice/root/vice-config.h	vice-config.h	GONE
src/Emulators/vice/root/translate.h	translate.h	GONE
src/Emulators/vice/root/drivedos4000.h	drivedos4000.h	GONE
src/Emulators/vice/root/ioutil.h	ioutil.h	GONE
src/Emulators/vice/root/romset.h	romset.h	SAME
src/Emulators/vice/root/vicii_deekay_vpl.h	vicii_deekay_vpl.h	GONE
src/Emulators/vice/root/kbdbuf.h	kbdbuf.h	SAME
src/Emulators/vice/root/dynlib.h	dynlib.h	SAME
src/Emulators/vice/root/libm_math.c	libm_math.c	GONE
src/Emulators/vice/root/drivedos4040.h	drivedos4040.h	GONE
src/Emulators/vice/root/clkguard.c	clkguard.c	GONE
src/Emulators/vice/root/cmdline.h	cmdline.h	SAME
src/Emulators/vice/root/charset.h	charset.h	SAME
src/Emulators/vice/root/sysfile.c	sysfile.c	SAME
src/Emulators/vice/root/attach.h	attach.h	SAME
src/Emulators/vice/root/mainc64cpu.h	mainc64cpu.h	SAME
src/Emulators/vice/root/machine-bus.h	machine-bus.h	SAME
src/Emulators/vice/root/rawfile.c	rawfile.c	SAME
src/Emulators/vice/root/color.h	color.h	SAME
src/Emulators/vice/root/r65c02.h	r65c02.h	SAME
src/Emulators/vice/root/signals.h	signals.h	SAME
src/Emulators/vice/root/printernl10cbm.h	printernl10cbm.h	GONE
src/Emulators/vice/root/drived1541II.h	drived1541II.h	GONE
src/Emulators/vice/root/datasette.c	datasette.c	MOVED:datasette/datasette.c
src/Emulators/vice/root/socket.c	socket.c	SAME
src/Emulators/vice/root/machine-printer.h	machine-printer.h	SAME
src/Emulators/vice/root/vsync.h	vsync.h	SAME
src/Emulators/vice/root/zfile.c	zfile.c	SAME
src/Emulators/vice/root/zipcode.c	zipcode.c	SAME
src/Emulators/vice/root/vicii_community_colors_vpl.h	vicii_community_colors_vpl.h	GONE
src/Emulators/vice/root/snapshot.c	snapshot.c	SAME
src/Emulators/vice/root/c64chargen.h	c64chargen.h	GONE
src/Emulators/vice/root/serial.h	serial.h	SAME
src/Emulators/vice/root/lib.h	lib.h	SAME
src/Emulators/vice/root/debug.c	debug.c	SAME
src/Emulators/vice/root/archapi.h	archapi.h	MOVED:arch/shared/archapi.h
src/Emulators/vice/root/drivedos1581.h	drivedos1581.h	GONE
src/Emulators/vice/root/mos6510.h	mos6510.h	SAME
src/Emulators/vice/root/rs232drv.h	rs232drv.h	MOVED:rs232drv/rs232drv.h
src/Emulators/vice/root/dma.c	dma.c	SAME
src/Emulators/vice/root/catweaselmkiii.h	catweaselmkiii.h	SAME
src/Emulators/vice/root/palette.h	palette.h	SAME
src/Emulators/vice/root/rsuser.h	rsuser.h	MOVED:rs232drv/rsuser.h
src/Emulators/vice/root/monitor.h	monitor.h	SAME
src/Emulators/vice/root/rawnet.h	rawnet.h	SAME
src/Emulators/vice/root/cbmdos.c	cbmdos.c	SAME
src/Emulators/vice/root/ssi2001.h	ssi2001.h	GONE
src/Emulators/vice/root/ram.c	ram.c	SAME
src/Emulators/vice/root/iecdrive.h	iecdrive.h	SAME
src/Emulators/vice/root/blockdev.h	blockdev.h	GONE
src/Emulators/vice/root/vicii.h	vicii.h	SAME
src/Emulators/vice/root/network.h	network.h	SAME
src/Emulators/vice/root/c64_ccs64_vpl.h	c64_ccs64_vpl.h	GONE
src/Emulators/vice/root/main.c	main.c	SAME
src/Emulators/vice/root/vice.h	vice.h	SAME
src/Emulators/vice/root/tpi.h	tpi.h	SAME
src/Emulators/vice/root/sound.c	sound.c	SAME
src/Emulators/vice/root/vice-crc32.h	vice-crc32.h	GONE
src/Emulators/vice/root/fliplist.h	fliplist.h	SAME
src/Emulators/vice/root/log.h	log.h	SAME
src/Emulators/vice/root/vicii_pepto_palold_vpl.h	vicii_pepto_palold_vpl.h	GONE
src/Emulators/vice/root/event.c	event.c	SAME
src/Emulators/vice/root/keyboard.h	keyboard.h	SAME
src/Emulators/vice/root/findpath.h	findpath.h	SAME
src/Emulators/vice/root/machine.c	machine.c	SAME
src/Emulators/vice/root/translate_languages.h	translate_languages.h	GONE
src/Emulators/vice/root/vicii_pepto_ntsc_vpl.h	vicii_pepto_ntsc_vpl.h	GONE
src/Emulators/vice/root/vsidui.h	vsidui.h	SAME
src/Emulators/vice/root/uimon.h	uimon.h	SAME
src/Emulators/vice/root/opencbmlib.h	opencbmlib.h	SAME
src/Emulators/vice/root/autostart.c	autostart.c	SAME
src/Emulators/vice/root/screenshot.c	screenshot.c	SAME
src/Emulators/vice/root/mos6510dtv.h	mos6510dtv.h	SAME
src/Emulators/vice/root/fullscreen.h	fullscreen.h	SAME
src/Emulators/vice/root/cartridge.h	cartridge.h	SAME
src/Emulators/vice/root/video.h	video.h	SAME
src/Emulators/vice/root/clipboard.h	clipboard.h	SAME
src/Emulators/vice/root/cbmimage.h	cbmimage.h	SAME
src/Emulators/vice/root/util.h	util.h	SAME
src/Emulators/vice/root/fsdevice.h	fsdevice.h	SAME
src/Emulators/vice/root/c64_c64hq_vpl.h	c64_c64hq_vpl.h	GONE
src/Emulators/vice/root/resources.c	resources.c	SAME
src/Emulators/vice/root/initcmdline.c	initcmdline.c	SAME
src/Emulators/vice/root/fileio.h	fileio.h	SAME
src/Emulators/vice/root/6510core.h	6510core.h	SAME
src/Emulators/vice/root/c64_frodo_vpl.h	c64_frodo_vpl.h	GONE
src/Emulators/vice/root/midi.c	midi.c	SAME
src/Emulators/vice/root/embedded.h	embedded.h	GONE
src/Emulators/vice/root/autostart-prg.h	autostart-prg.h	SAME
src/Emulators/vice/root/gcr.h	gcr.h	SAME
src/Emulators/vice/root/diskconstants.h	diskconstants.h	SAME
src/Emulators/vice/root/interrupt.h	interrupt.h	SAME
src/Emulators/vice/root/alarm.c	alarm.c	SAME
src/Emulators/vice/root/vicii_godot_vpl.h	vicii_godot_vpl.h	GONE
src/Emulators/vice/root/sysfile.h	sysfile.h	SAME
src/Emulators/vice/root/charset.c	charset.c	SAME
src/Emulators/vice/root/attach.c	attach.c	SAME
src/Emulators/vice/root/infocontrib.h	infocontrib.h	GONE
src/Emulators/vice/root/uicmdline.h	uicmdline.h	SAME
src/Emulators/vice/root/vicii_c64hq_vpl.h	vicii_c64hq_vpl.h	GONE
src/Emulators/vice/root/hardsid.h	hardsid.h	SAME
src/Emulators/vice/root/cmdline.c	cmdline.c	SAME
src/Emulators/vice/root/clkguard.h	clkguard.h	GONE
src/Emulators/vice/root/rawfile.h	rawfile.h	SAME
src/Emulators/vice/root/machine-bus.c	machine-bus.c	SAME
src/Emulators/vice/root/vicii_frodo_vpl.h	vicii_frodo_vpl.h	GONE
src/Emulators/vice/root/drivedos1540.h	drivedos1540.h	GONE
src/Emulators/vice/root/kbdbuf.c	kbdbuf.c	SAME
src/Emulators/vice/root/libm_math.h	libm_math.h	GONE
src/Emulators/vice/root/c64_godot_vpl.h	c64_godot_vpl.h	GONE
src/Emulators/vice/root/ioutil.c	ioutil.c	GONE
src/Emulators/vice/root/translate.c	translate.c	GONE
src/Emulators/vice/root/cartio.h	cartio.h	SAME
src/Emulators/vice/root/acia.h	acia.h	SAME
src/Emulators/vice/root/mem.h	mem.h	SAME
src/Emulators/vice/root/flash040.h	flash040.h	SAME
src/Emulators/vice/root/romset.c	romset.c	SAME
src/Emulators/vice/root/vicefeatures.h	vicefeatures.h	SAME
src/Emulators/vice/root/traps.h	traps.h	SAME
src/Emulators/vice/root/machine-drive.h	machine-drive.h	SAME
src/Emulators/vice/root/tap.h	tap.h	SAME
src/Emulators/vice/root/info.h	info.h	SAME
src/Emulators/vice/root/fixpoint.c	fixpoint.c	SAME
src/Emulators/vice/root/init.h	init.h	SAME
src/Emulators/vice/root/vicemaxpath.h	vicemaxpath.h	GONE
src/Emulators/vice/root/c64basic.h	c64basic.h	GONE
src/Emulators/vice/root/snapshot.h	snapshot.h	SAME
src/Emulators/vice/root/tape.h	tape.h	SAME
src/Emulators/vice/root/riot.h	riot.h	SAME
src/Emulators/vice/root/parallel.h	parallel.h	SAME
src/Emulators/vice/root/h6809regs.h	h6809regs.h	SAME
src/Emulators/vice/root/vsync.c	vsync.c	SAME
src/Emulators/vice/root/vicii_pepto_pal_vpl.h	vicii_pepto_pal_vpl.h	GONE
src/Emulators/vice/root/vicii_rgb_vpl.h	vicii_rgb_vpl.h	GONE
src/Emulators/vice/root/vicii_ccs64_vpl.h	vicii_ccs64_vpl.h	GONE
src/Emulators/vice/root/vicii_pepto_ntsc_sony_vpl.h	vicii_pepto_ntsc_sony_vpl.h	GONE
src/Emulators/vice/root/datasette.h	datasette.h	MOVED:datasette/datasette.h
src/Emulators/vice/root/zipcode.h	zipcode.h	SAME
src/Emulators/vice/root/zfile.h	zfile.h	SAME
src/Emulators/vice/root/drivedos1571.h	drivedos1571.h	GONE
src/Emulators/vice/root/c64kernal.h	c64kernal.h	GONE
src/Emulators/vice/root/c64_c64s_vpl.h	c64_c64s_vpl.h	GONE
src/Emulators/vice/root/z80regs.h	z80regs.h	SAME
src/Emulators/vice/root/parsid.h	parsid.h	SAME
src/Emulators/vice/root/color.c	color.c	SAME
src/Emulators/vice/root/printermps803.h	printermps803.h	GONE
src/Emulators/vice/root/c64ui.h	c64ui.h	SAME
src/Emulators/vice/root/vicii_c64s_vpl.h	vicii_c64s_vpl.h	GONE
src/Emulators/vice/root/uiapi.h	uiapi.h	SAME
src/Emulators/vice/lib/p64/p64config.h	lib/p64/p64config.h	SAME
src/Emulators/vice/lib/p64/p64.h	lib/p64/p64.h	SAME
src/Emulators/vice/lib/p64/p64.c	lib/p64/p64.c	SAME
src/Emulators/vice/tape/tapeimage.h	tape/tapeimage.h	SAME
src/Emulators/vice/tape/tape-snapshot.h	tape/tape-snapshot.h	SAME
src/Emulators/vice/tape/tap.c	tape/tap.c	SAME
src/Emulators/vice/tape/tape-internal.c	tape/tape-internal.c	SAME
src/Emulators/vice/tape/t64.h	tape/t64.h	SAME
src/Emulators/vice/tape/tape.c	tape/tape.c	SAME
src/Emulators/vice/tape/tapeimage.c	tape/tapeimage.c	SAME
src/Emulators/vice/tape/tape-snapshot.c	tape/tape-snapshot.c	SAME
src/Emulators/vice/tape/t64.c	tape/t64.c	SAME
src/Emulators/vice/tape/tape-internal.h	tape/tape-internal.h	SAME
src/Emulators/vice/viciisc/vicii.c	viciisc/vicii.c	SAME
src/Emulators/vice/viciisc/vicii-irq.c	viciisc/vicii-irq.c	SAME
src/Emulators/vice/viciisc/vicii-lightpen.c	viciisc/vicii-lightpen.c	SAME
src/Emulators/vice/viciisc/vicii-draw-cycle.h	viciisc/vicii-draw-cycle.h	SAME
src/Emulators/vice/viciisc/vicii-chip-model.h	viciisc/vicii-chip-model.h	SAME
src/Emulators/vice/viciisc/vicii-timing.h	viciisc/vicii-timing.h	SAME
src/Emulators/vice/viciisc/vicii-draw.h	viciisc/vicii-draw.h	SAME
src/Emulators/vice/viciisc/vicii-fetch.h	viciisc/vicii-fetch.h	SAME
src/Emulators/vice/viciisc/vicii-cmdline-options.c	viciisc/vicii-cmdline-options.c	SAME
src/Emulators/vice/viciisc/vicii-cycle.c	viciisc/vicii-cycle.c	SAME
src/Emulators/vice/viciisc/vicii-color.c	viciisc/vicii-color.c	SAME
src/Emulators/vice/viciisc/vicii-snapshot.h	viciisc/vicii-snapshot.h	SAME
src/Emulators/vice/viciisc/vicii-resources.h	viciisc/vicii-resources.h	SAME
src/Emulators/vice/viciisc/vicii-phi1.h	viciisc/vicii-phi1.h	SAME
src/Emulators/vice/viciisc/vicii-mem.c	viciisc/vicii-mem.c	SAME
src/Emulators/vice/viciisc/vicii-irq.h	viciisc/vicii-irq.h	SAME
src/Emulators/vice/viciisc/vicii-lightpen.h	viciisc/vicii-lightpen.h	SAME
src/Emulators/vice/viciisc/viciitypes.h	viciisc/viciitypes.h	SAME
src/Emulators/vice/viciisc/vicii-fetch.c	viciisc/vicii-fetch.c	SAME
src/Emulators/vice/viciisc/vicii-draw.c	viciisc/vicii-draw.c	SAME
src/Emulators/vice/viciisc/vicii-timing.c	viciisc/vicii-timing.c	SAME
src/Emulators/vice/viciisc/vicii-chip-model.c	viciisc/vicii-chip-model.c	SAME
src/Emulators/vice/viciisc/vicii-draw-cycle.c	viciisc/vicii-draw-cycle.c	SAME
src/Emulators/vice/viciisc/vicii-snapshot.c	viciisc/vicii-snapshot.c	SAME
src/Emulators/vice/viciisc/vicii-color.h	viciisc/vicii-color.h	SAME
src/Emulators/vice/viciisc/vicii-cmdline-options.h	viciisc/vicii-cmdline-options.h	SAME
src/Emulators/vice/viciisc/vicii-cycle.h	viciisc/vicii-cycle.h	SAME
src/Emulators/vice/viciisc/vicii-mem.h	viciisc/vicii-mem.h	SAME
src/Emulators/vice/viciisc/vicii-phi1.c	viciisc/vicii-phi1.c	SAME
src/Emulators/vice/viciisc/vicii-resources.c	viciisc/vicii-resources.c	SAME
src/Emulators/vice/raster/raster-canvas.c	raster/raster-canvas.c	SAME
src/Emulators/vice/raster/raster-changes.h	raster/raster-changes.h	SAME
src/Emulators/vice/raster/raster-cache.h	raster/raster-cache.h	SAME
src/Emulators/vice/raster/raster-line-changes.c	raster/raster-line-changes.c	SAME
src/Emulators/vice/raster/raster-modes.c	raster/raster-modes.c	SAME
src/Emulators/vice/raster/raster-sprite-status.c	raster/raster-sprite-status.c	SAME
src/Emulators/vice/raster/raster-resources.h	raster/raster-resources.h	SAME
src/Emulators/vice/raster/raster-line.c	raster/raster-line.c	SAME
src/Emulators/vice/raster/raster-sprite.c	raster/raster-sprite.c	SAME
src/Emulators/vice/raster/raster-cmdline-options.h	raster/raster-cmdline-options.h	SAME
src/Emulators/vice/raster/raster-line-changes-sprite.c	raster/raster-line-changes-sprite.c	SAME
src/Emulators/vice/raster/raster.h	raster/raster.h	SAME
src/Emulators/vice/raster/raster-sprite-cache.c	raster/raster-sprite-cache.c	SAME
src/Emulators/vice/raster/raster-modes.h	raster/raster-modes.h	SAME
src/Emulators/vice/raster/raster-sprite-status.h	raster/raster-sprite-status.h	SAME
src/Emulators/vice/raster/raster-cache.c	raster/raster-cache.c	SAME
src/Emulators/vice/raster/raster-changes.c	raster/raster-changes.c	SAME
src/Emulators/vice/raster/raster-canvas.h	raster/raster-canvas.h	SAME
src/Emulators/vice/raster/raster-line.h	raster/raster-line.h	SAME
src/Emulators/vice/raster/raster-resources.c	raster/raster-resources.c	SAME
src/Emulators/vice/raster/raster-cmdline-options.c	raster/raster-cmdline-options.c	SAME
src/Emulators/vice/raster/raster-sprite.h	raster/raster-sprite.h	SAME
src/Emulators/vice/raster/raster-sprite-cache.h	raster/raster-sprite-cache.h	SAME
src/Emulators/vice/raster/raster.c	raster/raster.c	SAME
src/Emulators/vice/rs232drv/rs232drv.c	rs232drv/rs232drv.c	SAME
src/Emulators/vice/rs232drv/rsuser.c	rs232drv/rsuser.c	SAME
src/Emulators/vice/rs232drv/rs232.h	rs232drv/rs232.h	SAME
src/Emulators/vice/sid/sid-cmdline-options.h	sid/sid-cmdline-options.h	SAME
src/Emulators/vice/sid/fastsid.c	sid/fastsid.c	SAME
src/Emulators/vice/sid/wave6581.h	sid/wave6581.h	SAME
src/Emulators/vice/sid/sid-resources.c	sid/sid-resources.c	SAME
src/Emulators/vice/sid/wave8580.h	sid/wave8580.h	SAME
src/Emulators/vice/sid/sid-snapshot.c	sid/sid-snapshot.c	SAME
src/Emulators/vice/sid/sid.c	sid/sid.c	SAME
src/Emulators/vice/sid/resid.cpp	sid/resid.cpp	GONE
src/Emulators/vice/sid/resid-fp.h	sid/resid-fp.h	GONE
src/Emulators/vice/sid/sid-resources.h	sid/sid-resources.h	SAME
src/Emulators/vice/sid/fastsid.h	sid/fastsid.h	SAME
src/Emulators/vice/sid/sid-cmdline-options.c	sid/sid-cmdline-options.c	SAME
src/Emulators/vice/sid/resid.h	sid/resid.h	SAME
src/Emulators/vice/sid/resid-fp.cpp	sid/resid-fp.cpp	GONE
src/Emulators/vice/sid/sid.h	sid/sid.h	SAME
src/Emulators/vice/sid/sid-snapshot.h	sid/sid-snapshot.h	SAME
src/Emulators/vice/drive/drive-check.h	drive/drive-check.h	SAME
src/Emulators/vice/drive/tcbm/tpid.h	drive/tcbm/tpid.h	SAME
src/Emulators/vice/drive/tcbm/tpid.c	drive/tcbm/tpid.c	SAME
src/Emulators/vice/drive/iecieee.h	drive/iecieee.h	SAME
src/Emulators/vice/drive/drive-cmdline-options.c	drive/drive-cmdline-options.c	SAME
src/Emulators/vice/drive/drive-snapshot.h	drive/drive-snapshot.h	SAME
src/Emulators/vice/drive/drive-sound.c	drive/drive-sound.c	SAME
src/Emulators/vice/drive/drivecpu.h	drive/drivecpu.h	SAME
src/Emulators/vice/drive/drivecpu65c02.c	drive/drivecpu65c02.c	SAME
src/Emulators/vice/drive/drivemem.h	drive/drivemem.h	SAME
src/Emulators/vice/drive/driverom.c	drive/driverom.c	SAME
src/Emulators/vice/drive/rotation.h	drive/rotation.h	SAME
src/Emulators/vice/drive/iecieee/iecieee.c	drive/iecieee/iecieee.c	SAME
src/Emulators/vice/drive/iecieee/via2d.c	drive/iecieee/via2d.c	SAME
src/Emulators/vice/drive/drivesync.c	drive/drivesync.c	SAME
src/Emulators/vice/drive/driveimage.h	drive/driveimage.h	SAME
src/Emulators/vice/drive/drive-resources.c	drive/drive-resources.c	SAME
src/Emulators/vice/drive/drive.h	drive/drive.h	SAME
src/Emulators/vice/drive/drive-writeprotect.h	drive/drive-writeprotect.h	SAME
src/Emulators/vice/drive/drive-overflow.h	drive/drive-overflow.h	GONE
src/Emulators/vice/drive/viad.h	drive/viad.h	SAME
src/Emulators/vice/drive/drive-check.c	drive/drive-check.c	SAME
src/Emulators/vice/drive/drivecpu.c	drive/drivecpu.c	SAME
src/Emulators/vice/drive/drive-snapshot.c	drive/drive-snapshot.c	SAME
src/Emulators/vice/drive/drive-sound.h	drive/drive-sound.h	SAME
src/Emulators/vice/drive/drivetypes.h	drive/drivetypes.h	SAME
src/Emulators/vice/drive/iec-c64exp.h	drive/iec-c64exp.h	SAME
src/Emulators/vice/drive/drive-cmdline-options.h	drive/drive-cmdline-options.h	SAME
src/Emulators/vice/drive/rotation.c	drive/rotation.c	SAME
src/Emulators/vice/drive/drivesync.h	drive/drivesync.h	SAME
src/Emulators/vice/drive/driverom.h	drive/driverom.h	SAME
src/Emulators/vice/drive/ieee/ieee-resources.h	drive/ieee/ieee-resources.h	SAME
src/Emulators/vice/drive/ieee/memieee.h	drive/ieee/memieee.h	SAME
src/Emulators/vice/drive/ieee/riotd.h	drive/ieee/riotd.h	SAME
src/Emulators/vice/drive/ieee/fdc.h	drive/ieee/fdc.h	SAME
src/Emulators/vice/drive/ieee/ieeerom.c	drive/ieee/ieeerom.c	SAME
src/Emulators/vice/drive/ieee/ieee-cmdline-options.h	drive/ieee/ieee-cmdline-options.h	SAME
src/Emulators/vice/drive/ieee/riot1d.c	drive/ieee/riot1d.c	SAME
src/Emulators/vice/drive/ieee/via1d2031.h	drive/ieee/via1d2031.h	SAME
src/Emulators/vice/drive/ieee/ieee.c	drive/ieee/ieee.c	SAME
src/Emulators/vice/drive/ieee/memieee.c	drive/ieee/memieee.c	SAME
src/Emulators/vice/drive/ieee/ieee-resources.c	drive/ieee/ieee-resources.c	SAME
src/Emulators/vice/drive/ieee/fdc.c	drive/ieee/fdc.c	SAME
src/Emulators/vice/drive/ieee/riot2d.c	drive/ieee/riot2d.c	SAME
src/Emulators/vice/drive/ieee/ieee-cmdline-options.c	drive/ieee/ieee-cmdline-options.c	SAME
src/Emulators/vice/drive/ieee/ieeerom.h	drive/ieee/ieeerom.h	SAME
src/Emulators/vice/drive/ieee/via1d2031.c	drive/ieee/via1d2031.c	SAME
src/Emulators/vice/drive/drivemem.c	drive/drivemem.c	SAME
src/Emulators/vice/drive/drivecpu65c02.h	drive/drivecpu65c02.h	SAME
src/Emulators/vice/drive/iec/via4000.h	drive/iec/via4000.h	SAME
src/Emulators/vice/drive/iec/iec-resources.c	drive/iec/iec-resources.c	SAME
src/Emulators/vice/drive/iec/pc8477.c	drive/iec/pc8477.c	SAME
src/Emulators/vice/drive/iec/glue1571.c	drive/iec/glue1571.c	SAME
src/Emulators/vice/drive/iec/cia1571d.c	drive/iec/cia1571d.c	SAME
src/Emulators/vice/drive/iec/iec-cmdline-options.c	drive/iec/iec-cmdline-options.c	SAME
src/Emulators/vice/drive/iec/iecrom.h	drive/iec/iecrom.h	SAME
src/Emulators/vice/drive/iec/memiec.h	drive/iec/memiec.h	SAME
src/Emulators/vice/drive/iec/wd1770.c	drive/iec/wd1770.c	SAME
src/Emulators/vice/drive/iec/via1d1541.h	drive/iec/via1d1541.h	SAME
src/Emulators/vice/drive/iec/iec.c	drive/iec/iec.c	SAME
src/Emulators/vice/drive/iec/fdd.h	drive/iec/fdd.h	SAME
src/Emulators/vice/drive/iec/ciad.h	drive/iec/ciad.h	SAME
src/Emulators/vice/drive/iec/pc8477.h	drive/iec/pc8477.h	SAME
src/Emulators/vice/drive/iec/iec-resources.h	drive/iec/iec-resources.h	SAME
src/Emulators/vice/drive/iec/c64exp/profdos.h	drive/iec/c64exp/profdos.h	SAME
src/Emulators/vice/drive/iec/c64exp/c64exp-resources.c	drive/iec/c64exp/c64exp-resources.c	SAME
src/Emulators/vice/drive/iec/c64exp/iec-c64exp.c	drive/iec/c64exp/iec-c64exp.c	SAME
src/Emulators/vice/drive/iec/c64exp/c64exp-cmdline-options.c	drive/iec/c64exp/c64exp-cmdline-options.c	SAME
src/Emulators/vice/drive/iec/c64exp/dolphindos3.c	drive/iec/c64exp/dolphindos3.c	SAME
src/Emulators/vice/drive/iec/c64exp/supercard.c	drive/iec/c64exp/supercard.c	SAME
src/Emulators/vice/drive/iec/c64exp/stardos-exp.h	drive/iec/c64exp/stardos-exp.h	SAME
src/Emulators/vice/drive/iec/c64exp/profdos.c	drive/iec/c64exp/profdos.c	SAME
src/Emulators/vice/drive/iec/c64exp/c64exp-resources.h	drive/iec/c64exp/c64exp-resources.h	SAME
src/Emulators/vice/drive/iec/c64exp/c64exp-cmdline-options.h	drive/iec/c64exp/c64exp-cmdline-options.h	SAME
src/Emulators/vice/drive/iec/c64exp/dolphindos3.h	drive/iec/c64exp/dolphindos3.h	SAME
src/Emulators/vice/drive/iec/c64exp/stardos-exp.c	drive/iec/c64exp/stardos-exp.c	SAME
src/Emulators/vice/drive/iec/c64exp/supercard.h	drive/iec/c64exp/supercard.h	SAME
src/Emulators/vice/drive/iec/via4000.c	drive/iec/via4000.c	SAME
src/Emulators/vice/drive/iec/glue1571.h	drive/iec/glue1571.h	SAME
src/Emulators/vice/drive/iec/via1d1541.c	drive/iec/via1d1541.c	SAME
src/Emulators/vice/drive/iec/wd1770.h	drive/iec/wd1770.h	SAME
src/Emulators/vice/drive/iec/memiec.c	drive/iec/memiec.c	SAME
src/Emulators/vice/drive/iec/iecrom.c	drive/iec/iecrom.c	SAME
src/Emulators/vice/drive/iec/iec-cmdline-options.h	drive/iec/iec-cmdline-options.h	SAME
src/Emulators/vice/drive/iec/cia1581d.c	drive/iec/cia1581d.c	SAME
src/Emulators/vice/drive/iec/fdd.c	drive/iec/fdd.c	SAME
src/Emulators/vice/drive/ieee.h	drive/ieee.h	SAME
src/Emulators/vice/drive/drive-overflow.c	drive/drive-overflow.c	GONE
src/Emulators/vice/drive/drive-writeprotect.c	drive/drive-writeprotect.c	SAME
src/Emulators/vice/drive/drive-resources.h	drive/drive-resources.h	SAME
src/Emulators/vice/drive/drive.c	drive/drive.c	SAME
src/Emulators/vice/drive/iec.h	drive/iec.h	SAME
src/Emulators/vice/drive/driveimage.c	drive/driveimage.c	SAME
src/Emulators/vice/vdrive/vdrive.h	vdrive/vdrive.h	SAME
src/Emulators/vice/vdrive/vdrive-bam.h	vdrive/vdrive-bam.h	SAME
src/Emulators/vice/vdrive/vdrive-internal.h	vdrive/vdrive-internal.h	SAME
src/Emulators/vice/vdrive/vdrive-command.c	vdrive/vdrive-command.c	SAME
src/Emulators/vice/vdrive/vdrive-iec.c	vdrive/vdrive-iec.c	SAME
src/Emulators/vice/vdrive/vdrive-dir.c	vdrive/vdrive-dir.c	SAME
src/Emulators/vice/vdrive/vdrive-rel.c	vdrive/vdrive-rel.c	SAME
src/Emulators/vice/vdrive/vdrive-snapshot.c	vdrive/vdrive-snapshot.c	SAME
src/Emulators/vice/vdrive/vdrive-internal.c	vdrive/vdrive-internal.c	SAME
src/Emulators/vice/vdrive/vdrive-bam.c	vdrive/vdrive-bam.c	SAME
src/Emulators/vice/vdrive/vdrive.c	vdrive/vdrive.c	SAME
src/Emulators/vice/vdrive/vdrive-command.h	vdrive/vdrive-command.h	SAME
src/Emulators/vice/vdrive/vdrive-dir.h	vdrive/vdrive-dir.h	SAME
src/Emulators/vice/vdrive/vdrive-iec.h	vdrive/vdrive-iec.h	SAME
src/Emulators/vice/vdrive/vdrive-snapshot.h	vdrive/vdrive-snapshot.h	SAME
src/Emulators/vice/vdrive/vdrive-rel.h	vdrive/vdrive-rel.h	SAME
src/Emulators/vice/fsdevice/fsdevicetypes.h	fsdevice/fsdevicetypes.h	SAME
src/Emulators/vice/fsdevice/fsdevice-resources.c	fsdevice/fsdevice-resources.c	SAME
src/Emulators/vice/fsdevice/fsdevice-open.h	fsdevice/fsdevice-open.h	SAME
src/Emulators/vice/fsdevice/fsdevice.c	fsdevice/fsdevice.c	SAME
src/Emulators/vice/fsdevice/fsdevice-flush.h	fsdevice/fsdevice-flush.h	SAME
src/Emulators/vice/fsdevice/fsdevice-read.c	fsdevice/fsdevice-read.c	SAME
src/Emulators/vice/fsdevice/fsdevice-cmdline-options.h	fsdevice/fsdevice-cmdline-options.h	SAME
src/Emulators/vice/fsdevice/fsdevice-close.c	fsdevice/fsdevice-close.c	SAME
src/Emulators/vice/fsdevice/fsdevice-write.c	fsdevice/fsdevice-write.c	SAME
src/Emulators/vice/fsdevice/fsdevice-resources.h	fsdevice/fsdevice-resources.h	SAME
src/Emulators/vice/fsdevice/fsdevice-cmdline-options.c	fsdevice/fsdevice-cmdline-options.c	SAME
src/Emulators/vice/fsdevice/fsdevice-flush.c	fsdevice/fsdevice-flush.c	SAME
src/Emulators/vice/fsdevice/fsdevice-read.h	fsdevice/fsdevice-read.h	SAME
src/Emulators/vice/fsdevice/fsdevice-open.c	fsdevice/fsdevice-open.c	SAME
src/Emulators/vice/fsdevice/fsdevice-write.h	fsdevice/fsdevice-write.h	SAME
src/Emulators/vice/fsdevice/fsdevice-close.h	fsdevice/fsdevice-close.h	SAME
src/Emulators/vice/userport/userport_8bss.c	userport/userport_8bss.c	SAME
src/Emulators/vice/userport/userport_4bit_sampler.c	userport/userport_4bit_sampler.c	SAME
src/Emulators/vice/userport/userport.h	userport/userport.h	SAME
src/Emulators/vice/userport/userport_diag_586220_harness.c	userport/userport_diag_586220_harness.c	SAME
src/Emulators/vice/userport/userport_rtc_58321a.h	userport/userport_rtc_58321a.h	SAME
src/Emulators/vice/userport/userport_joystick.c	userport/userport_joystick.c	SAME
src/Emulators/vice/userport/userport_rtc_ds1307.h	userport/userport_rtc_ds1307.h	SAME
src/Emulators/vice/userport/userport_digimax.h	userport/userport_digimax.h	SAME
src/Emulators/vice/userport/userport_dac.h	userport/userport_dac.h	SAME
src/Emulators/vice/userport/userport_4bit_sampler.h	userport/userport_4bit_sampler.h	SAME
src/Emulators/vice/userport/userport_8bss.h	userport/userport_8bss.h	SAME
src/Emulators/vice/userport/userport_rtc_58321a.c	userport/userport_rtc_58321a.c	SAME
src/Emulators/vice/userport/userport_diag_586220_harness.h	userport/userport_diag_586220_harness.h	SAME
src/Emulators/vice/userport/userport.c	userport/userport.c	SAME
src/Emulators/vice/userport/userport_joystick.h	userport/userport_joystick.h	SAME
src/Emulators/vice/userport/userport_dac.c	userport/userport_dac.c	SAME
src/Emulators/vice/userport/userport_digimax.c	userport/userport_digimax.c	SAME
src/Emulators/vice/userport/userport_rtc_ds1307.c	userport/userport_rtc_ds1307.c	SAME
src/Emulators/vice/tapeport/sense-dongle.h	tapeport/sense-dongle.h	SAME
src/Emulators/vice/tapeport/cp-clockf83.h	tapeport/cp-clockf83.h	SAME
src/Emulators/vice/tapeport/tapelog.c	tapeport/tapelog.c	GONE
src/Emulators/vice/tapeport/tapeport.c	tapeport/tapeport.c	SAME
src/Emulators/vice/tapeport/tape_diag_586220_harness.c	tapeport/tape_diag_586220_harness.c	SAME
src/Emulators/vice/tapeport/dtl-basic-dongle.h	tapeport/dtl-basic-dongle.h	SAME
src/Emulators/vice/tapeport/sense-dongle.c	tapeport/sense-dongle.c	SAME
src/Emulators/vice/tapeport/tapelog.h	tapeport/tapelog.h	GONE
src/Emulators/vice/tapeport/cp-clockf83.c	tapeport/cp-clockf83.c	SAME
src/Emulators/vice/tapeport/tape_diag_586220_harness.h	tapeport/tape_diag_586220_harness.h	SAME
src/Emulators/vice/tapeport/tapeport.h	tapeport/tapeport.h	SAME
src/Emulators/vice/tapeport/dtl-basic-dongle.c	tapeport/dtl-basic-dongle.c	SAME
src/Emulators/vice/serial/serial-iec.c	serial/serial-iec.c	SAME
src/Emulators/vice/serial/fsdrive.c	serial/fsdrive.c	SAME
src/Emulators/vice/serial/serial-device.c	serial/serial-device.c	SAME
src/Emulators/vice/serial/serial.c	serial/serial.c	SAME
src/Emulators/vice/serial/serial-trap.h	serial/serial-trap.h	SAME
src/Emulators/vice/serial/serial-iec-device.h	serial/serial-iec-device.h	SAME
src/Emulators/vice/serial/serial-iec-bus.h	serial/serial-iec-bus.h	SAME
src/Emulators/vice/serial/serial-iec-lib.c	serial/serial-iec-lib.c	SAME
src/Emulators/vice/serial/serial-trap.c	serial/serial-trap.c	SAME
src/Emulators/vice/serial/fsdrive.h	serial/fsdrive.h	SAME
src/Emulators/vice/serial/serial-iec.h	serial/serial-iec.h	SAME
src/Emulators/vice/serial/serial-iec-bus.c	serial/serial-iec-bus.c	SAME
src/Emulators/vice/serial/serial-iec-device.c	serial/serial-iec-device.c	SAME
src/Emulators/vice/serial/realdevice.h	serial/realdevice.h	SAME
src/Emulators/vice/serial/serial-realdevice.c	serial/serial-realdevice.c	SAME
